,date,title,url
0,2022.04.30.,직장동료 남편 살해한 중국인 징역 20년…법원 “범행 매우 잔혹”,https://biz.chosun.com/topics/topics_social/2022/04/30/VZPGZNVIFBHJHPGYHOXNCLGFLI/?utm_source=naver&utm_medium=original&utm_campaign=biz
1,2022.04.30.,"""나 무시하는 거야?""…잠든 직장 상사 흉기로 살해한 60대",http://news.mk.co.kr/newsRead.php?no=384218&year=2022
2,2022.04.30.,'누나→아가씨' 앱번역 오류가 부른 참사…정읍 잔혹살해 전말,https://www.joongang.co.kr/article/25067777
3,2022.04.30.,美위스콘신 10세소녀 성폭행살해 용의자는 4살 위 고종사촌 오빠,https://www.yna.co.kr/view/AKR20220430007600009?input=1195m
4,2022.04.28.,'정인이 학대 살해' 양모 징역 35년 확정…양부는 징역 5년,https://news.sbs.co.kr/news/endPage.do?news_id=N1006731223&plink=ORI&cooper=NAVER
5,2022.04.28.,‘정인이 학대 살해’ 양모 징역 35년 확정…양부는 징역 5년,https://www.donga.com/news/article/all/20220428/113126419/1
6,2022.04.29.,美 위스콘신서 14살 소년이 10살 소녀 성폭행 후 살해,http://news.tvchosun.com/site/data/html_dir/2022/04/29/2022042990052.html
7,2022.04.28.,'입양아 살해' 30대 양부에 항소심서도 무기징역 구형,http://www.newsis.com/view/?id=NISX20220428_0001852573&cID=10803&pID=14000
8,2022.04.27.,치사량 니코틴 먹여 남편 살해 30대에 무기징역 구형,https://imnews.imbc.com/news/2022/society/article/6363300_35673.html
9,2022.04.29.,"검찰, ‘이석준 사건’ 흥신소 업자에 징역 7년 구형",http://www.fnnews.com/news/202204291432306134
10,2022.04.28.,"""왜 여자 못 만나게 해"" 망상…친모 살해 30대, 2심도 징역 15년",http://www.newsis.com/view/?id=NISX20220428_0001851980&cID=10201&pID=10200
11,2022.04.30.,[사건의 재구성] '번 돈 다 주고 中 가라' 환청에…같은 중국동포 살해,https://www.news1.kr/articles/?4665723
12,2022.04.28.,"대법, '정인이 학대 살해' 양모에 징역 35년 확정…무기징역에서 감형(종합)",http://www.fnnews.com/news/202204281145084231
14,2022.04.28.,"""어머니 때문에 여성 못 만나"" 친모 살해 30대 2심도 징역 15년",https://www.yna.co.kr/view/AKR20220428119800054?input=1195m
15,2022.04.27.,"""숲에 선물 있어""…보험금 노려 살해 시도한 일당 최고 징역 20년",http://news.mt.co.kr/mtview.php?no=2022042718451726045
16,2022.04.28.,[1보] '정인이 학대 살해' 양모 징역 35년 확정…양부는 징역 5년,https://www.yna.co.kr/view/AKR20220428084000004?input=1195m
17,2022.04.28.,"멕시코, 여성 노린 범죄 처벌 강화…""살해 미수도 징역 40년""",https://www.yna.co.kr/view/AKR20220428004300087?input=1195m
18,2022.04.28.,‘중국판 이은해’ 내연남과 남편 살해모의 남녀 징역 2년,http://www.edaily.co.kr/news/newspath.asp?newsid=03371846632300712
19,2022.04.28.,"'정인이 사건' 양모, 징역 35년 확정…양부는 징역 5년",http://www.edaily.co.kr/news/newspath.asp?newsid=02794566632300712
20,2022.04.28.,정인이 양모 징역 35년,http://www.newsis.com/view/?id=NISI20220428_0018744737
21,2022.04.28.,"'니코틴 미숫가루'… 남편 살해한 아내, 무기징역 구형",http://moneys.mt.co.kr/news/mwView.php?no=2022042809090990264
22,2022.04.26.,"50대 다방여성 성폭행 실패 후 살해기도 50대, 징역15년",http://www.newsis.com/view/?id=NISX20220425_0001847096&cID=10817&pID=14000
23,2022.04.29.,법으로 남은 이름 '정인이'‥양모 '징역 35년',https://imnews.imbc.com/replay/2022/nwtoday/article/6363872_35752.html
24,2022.04.28.,"대법, 정인이 양모에 징역 35년 선고… 시민단체 눈물 [뉴시스Pic]",http://www.newsis.com/view/?id=NISX20220428_0001852141&cID=10201&pID=10200
25,2022.04.28.,대법원 정인이 사건 양모 징역 35년 확정,https://www.news1.kr/photos/view/?5343177
26,2022.04.27.,"'폭력남편 살해' 50대, 2심도 징역 6년…""부당 대우 참작""",http://www.newsis.com/view/?id=NISX20220427_0001850301&cID=10201&pID=10200
27,2022.04.28.,"온라인게임 시비 끝 '현피' 살인 30대, 징역 15년 확정",http://www.newsis.com/view/?id=NISX20220428_0001851301&cID=10807&pID=10800
28,2022.04.29.,"""또 술 마시냐"" 꾸지람에 친형 살해 60대, 2심도 징역 18년",https://www.news1.kr/articles/?4665576
29,2022.04.21.,염불 소리 시끄럽다는 이웃주민 살해한 60대 '징역20년',http://www.newsis.com/view/?id=NISX20220421_0001843418&cID=10812&pID=10800
30,2022.04.25.,"""아기 변기에 넣어라"" 영아살해 방조범 항소심서 감형, 왜?",http://www.edaily.co.kr/news/newspath.asp?newsid=03440726632299728
31,2022.04.28.,"""정인아 미안해""… 양모 징역 35년 확정에 ""감형 절망스럽다""",http://moneys.mt.co.kr/news/mwView.php?no=2022042814092371067
32,2022.04.25.,직장동료 둔기 휘둘러 살해한 40대 '징역14년',http://www.newsis.com/view/?id=NISX20220425_0001846879&cID=10807&pID=10800
33,2022.04.25.,"정인이 양모, 이번주 대법원 선고…2심은 징역 35년",http://www.newsis.com/view/?id=NISX20220425_0001846707&cID=10201&pID=10200
34,2022.04.22.,"검찰 ""검수완박땐 제2 '세모녀 살해사건' 못 밝혀내""",http://www.newsis.com/view/?id=NISX20220422_0001843683&cID=10201&pID=10200
35,2022.04.29.,"정인이 양모 ‘징역 35년’ 감형 확정…방청객서 욕설·고성, 일부는 울음 터뜨리기도",http://www.segye.com/content/html/2022/04/28/20220428511539.html?OutUrl=naver
36,2022.04.28.,정인이 학대 살해 양모 35년형 확정,http://news.mk.co.kr/newsRead.php?no=379629&year=2022
37,2022.04.30.,[주요재판 톺아보기] 정인이 숨진 지 1년 6개월 만에...양모 징역 35년 확정,https://www.ajunews.com/view/20220429160639031
38,2022.04.28.,"‘정인이’ 살해한 양모 징역 35년 확정···아동학대 경각심 환기, 구조적 해결책 과제도 남아",https://www.khan.co.kr/national/national-general/article/202204281503001
39,2022.04.28.,망상 때문에 모친 살해한 子...징역 15년 선고,https://www.nbntv.co.kr/news/articleView.html?idxno=969376
40,2022.04.30.,질투심에 절친과 아이 두 명 살해한 여성…“망상 빠져”(악마)[TV북마크],https://sports.donga.com/article/all/20220430/113159751/1
41,2022.04.29.,여친끼리 말다툼에 상대 남친에 흉기 휘둘러...2심 징역 2년 6개월,https://www.ytn.co.kr/_ln/0103_202204291629306740
42,2022.04.28.,[2보] '정인이 사건' 양모 징역 35년·양부 징역 5년 확정,http://www.newspim.com/news/view/20220428000530
43,2022.04.21.,도박 빚에 몰려 지인 돈 빼앗고 살해한 40대 징역 30년,https://www.yna.co.kr/view/AKR20220421130500060?input=1195m
44,2022.04.27.,"'신변보호 母 살해' 이석준에 정보 판 흥신소업자, 징역1년에 항소",http://www.newsis.com/view/?id=NISX20220427_0001850034&cID=10201&pID=10200
45,2022.04.22.,'염불 소리 시끄럽다' 항의한 이웃 주민 살해한 60대 남성 중형,http://www.fnnews.com/news/202204221032397230
46,2022.04.20.,"생활고 비관, 발달장애 딸 살해 50대 친모, 징역 10년 구형",http://www.newsis.com/view/?id=NISX20220420_0001841071&cID=10803&pID=14000
47,2022.04.27.,"이혼 소송 중 남편 살해한 아내, 심신미약 주장했지만 2심서도 징역 6년",https://www.donga.com/news/article/all/20220427/113111128/2
48,2022.04.21.,“염불 시끄러워” 항의한 주민 살해 승려 징역 20년… “반성 없어”,https://www.seoul.co.kr/news/newsView.php?id=20220421500206&wlog_tag3=naver
49,2022.04.22.,"검찰, 인천 층간소음 흉기 난동' 40대 피고에 징역 30년 구형",http://www.newsis.com/view/?id=NISX20220422_0001844784&cID=10802&pID=14000
50,2022.04.14.,"'노원 세모녀 살해' 김태현, 무기징역 확정",http://mbn.mk.co.kr/pages/news/newsView.php?category=mbn00009&news_seq_no=4739645
51,2022.04.21.,'신변보호자 가족 살해' 이석준 도운 흥신소 업자 징역 1년,http://www.fnnews.com/news/202204211424350479
52,2022.04.21.,"폐공장서 여성 살해·시신유기 40대, 징역 30년",http://www.newsis.com/view/?id=NISX20220421_0001842408&cID=10817&pID=14000
53,2022.04.25.,"검찰, ‘이석준 사건’ 개인정보 1000여건 넘긴 구청 공무원에 징역 7년 구형",http://www.fnnews.com/news/202204251629221274
54,2022.04.22.,야구방망이로 때려 주민 살해한 승려 징역 20년 선고,http://www.busan.com/view/busan/view.php?code=2022042213542142469
55,2022.04.20.,"""범행 매우 끔찍""…의붓딸 흉기 살해 50대 항소심도 징역 20년",http://www.newsis.com/view/?id=NISX20220419_0001839670&cID=10808&pID=10800
56,2022.04.23.,"“띵동, 계세요?” 중년부부 살해한 최연소 사형수 [사건파일]",https://www.seoul.co.kr/news/newsView.php?id=20220423500030&wlog_tag3=naver
57,2022.04.22.,"검찰, 20개월 의붓딸 학대 살해·성폭행 계부, 항소심도 '사형' 구형",http://www.newsis.com/view/?id=NISX20220422_0001844174&cID=10807&pID=10800
58,2022.04.28.,[속보] '정인이 학대 살해' 양모 징역 35년 확정… 양부는 징역 5년,http://www.kyeongin.com/main/view.php?key=20220428001128215
59,2022.04.27.,사망보험금 노려 또래 여성 살해 시도한 일당에 중형,https://www.news1.kr/articles/?4663077
60,2022.04.15.,"술에 취해 불륜 사실 밝힌 아내 살해한 50대, 징역 12년",http://www.newsis.com/view/?id=NISX20220415_0001835464&cID=10810&pID=10800
61,2022.04.20.,“날 모욕해?” 의붓딸 살해한 父 항소심서 징역 20년,https://biz.chosun.com/topics/law_firm/2022/04/20/AZCOX4D24JD7RG3RCABKITL3WI/?utm_source=naver&utm_medium=original&utm_campaign=biz
62,2022.04.15.,술자리 다툼 끝에 남자친구 흉기로 살해한 20대 '징역 4년',http://www.segye.com/content/html/2022/04/15/20220415510043.html?OutUrl=naver
63,2022.04.22.,"""세상이 어쩌자고""…'20개월 딸' 성폭행·살해범 2심도 사형 구형",http://news.mk.co.kr/newsRead.php?no=361491&year=2022
64,2022.04.26.,"이은해, 파타야서 익사한 전 남친 살해 의혹 무혐의? 檢 “타살 혐의점 없어”",http://www.segye.com/content/html/2022/04/26/20220426516356.html?OutUrl=naver
65,2022.04.20.,노래방서 고교생 살해… 항소심서 檢 징역 30년 구형,http://news.kmib.co.kr/article/view.asp?arcid=0016995618&code=61121311&cp=nv
66,2022.04.25.,"""아기, 변기에 넣으세요"" 영아살해 방조범 형량 줄었다, 왜?",http://news.heraldcorp.com/view.php?ud=20220425000675
67,2022.04.22.,"20개월 딸 성폭행·살해 후 은닉한 계부, 2심도 사형 구형",http://www.busan.com/view/busan/view.php?code=2022042217514077930
68,2022.04.22.,"검찰, 20개월 영아 성폭행·학대살해범 2심도 사형 구형",https://www.yna.co.kr/view/AKR20220422072400063?input=1195m
69,2022.04.22.,20개월 의붓딸 성폭행·살해·은닉한 30대 계부에 '사형' 구형,https://view.asiae.co.kr/article/2022042220401502053
70,2022.04.16.,불륜 털어놓은 아내에 격분…흉기로 살해한 50대에 징역 12년,http://www.segye.com/content/html/2022/04/16/20220416504713.html?OutUrl=naver
71,2022.04.23.,'동물판 N번방' 길고양이 살해범 엄벌 靑 청원…50만명 돌파,https://view.asiae.co.kr/article/2022042314464657252
72,2022.04.21.,“나를 비웃어?” 일면식도 없는 여성 2명 흉기로 찌른 60대 ‘징역 7년’,http://www.segye.com/content/html/2022/04/21/20220421505326.html?OutUrl=naver
73,2022.04.08.,"""왜 일감 안줘"" 협력사 직원 살해 50대…징역 28년 확정",http://www.newsis.com/view/?id=NISX20220407_0001823834&cID=10201&pID=10200
75,2022.04.22.,"검찰, ‘층간소음 흉기난동’ 40대에 징역 30년 구형",https://news.kbs.co.kr/news/view.do?ncd=5446745&ref=A
76,2022.04.28.,친모 살인 30대 패륜아 항소심도 징역 15년,http://www.namdonews.com/news/articleView.html?idxno=680600
77,2022.04.21.,"""왜 비웃어"" 길에서 마주친 여성 2명 흉기로 살해하려 한 60대 실형",http://www.newsis.com/view/?id=NISX20220420_0001840430&cID=10814&pID=10800
78,2022.04.23.,보험금 노리고 동거녀子 살해…14년 전 여친은 현재까지 실종,https://www.joongang.co.kr/article/25065730
79,2022.04.14.,"'세 모녀 살해' 김태현, 무기징역 확정",https://www.sedaily.com/NewsView/264OWS3VX7
80,2022.04.23.,[사건의 재구성] '반말? 넌 죽었다' 독기 품고…잠든 모텔손님 토막살해,https://www.news1.kr/articles/?4658010
81,2022.04.04.,이별 통보 전 여친 살해 조현진 1심 징역 23년 선고(종합),http://yna.kr/AKR20220404075300063?did=1195m
82,2022.04.20.,'톱·칼로 살해·사채 50구' 고양이 고어방 '최고형' 靑청원,http://www.edaily.co.kr/news/newspath.asp?newsid=02328806632298088
83,2022.04.25.,"대구지법, 자신에게 불친절했다는 이유만으로 마트종업원 살해미수 징역 5년",http://www.lawissue.co.kr/view.php?ud=20220425123404449a8c8bf58f_12
84,2022.04.21.,음식물통에 신생아 버려 살해 시도한 친모에 2심도 징역 12년 선고,http://www.newsis.com/view/?id=NISX20220421_0001842089&cID=10806&pID=10800
85,2022.04.22.,"검찰, ‘인천 층간소음 흉기난동’ 피의자에 징역 30년 구형",https://biz.chosun.com/topics/law_firm/2022/04/22/C3JXYAJ4FNF2JGPQRV3UCSF2OI/?utm_source=naver&utm_medium=original&utm_campaign=biz
86,2022.04.14.,여자친구에 언니까지 자매살해 30대 무기징역 확정,http://www.daejonilbo.com/news/newsitem.asp?pk_no=1514754
87,2022.04.14.,"'노원구 세모녀 살해' 김태현, 무기징역 확정",http://www.inews24.com/view/1470372
88,2022.04.22.,"檢, ‘인천 흉기난동’ 40대에 징역 30년 구형…“살인미수 혐의”",https://www.joongang.co.kr/article/25065618
89,2022.04.25.,'정인이 사건' 28일 상고심 선고…양모 2심 징역 35년,https://www.etoday.co.kr/news/view/2127336
90,2022.04.21.,[영상]사체만 50구…길냥이 살해범 靑청원 50만 코앞[이슈시개],https://www.nocutnews.co.kr/news/5744163
91,2022.04.22.,해병대+동아리 회장 대학생이 중년 부부 살해한 이유는?(블랙),http://sports.khan.co.kr/news/sk_index.html?art_id=202204220920023&sec_id=540201&pt=nv
92,2022.04.22.,'20개월 영아 강간·살해·은닉' 20대 계부 항소심서도 사형 구형,https://www.news1.kr/articles/?4657415
93,2022.04.14.,"대법원, '노원구 세 모녀 살해' 김태현 무기징역 확정",https://www.ytn.co.kr/_ln/0103_202204141049240393
94,2022.04.21.,이석준에 피해자 개인정보 넘긴 흥신소 업자…징역 1년 선고,http://news.mt.co.kr/mtview.php?no=2022042113442554978
95,2022.04.20.,"""찌질아""… 의붓딸 모욕에 살해한 50대 남성, 항소심서도 20년형",http://moneys.mt.co.kr/news/mwView.php?no=2022042015558073162
96,2022.04.21.,“염불 시끄럽다” 항의 주민 둔기로 숨지게 한 승려에 징역 20년,https://www.khan.co.kr/local/local-general/article/202204212339001
97,2022.04.21.,"50만원에 피해자 정보 이석준에게 넘긴 흥신소 업자, 1심서 징역 1년",https://www.joongang.co.kr/article/25065287
98,2022.04.14.,‘노원 세모녀 살해’ 김태현 무기징역 확정,http://www.munhwa.com/news/view.html?no=2022041401070903347001
99,2022.04.21.,“대통령 살해 부추겼다”…정치풍자 ‘틱톡’ 영상 올렸다 체포된 베네수엘라 할머니,https://www.seoul.co.kr/news/newsView.php?id=20220421500115&wlog_tag3=naver
100,2022.04.29.,美 위스콘신서 14세 소년이 평소 알고 지내던 10세 소녀 성폭행 후 살해,https://news.sbs.co.kr/news/endPage.do?news_id=N1006732300&plink=ORI&cooper=NAVER
102,2022.04.28.,‘페미사이드’ 분노 커지는 멕시코···“여성 살해 미수도 징역 40년” 처벌 강화,https://www.khan.co.kr/world/america/article/202204281711001
103,2022.04.28.,정인이 양모 징역 35년 확정에 드러누운 정찾사,http://www.newsis.com/view/?id=NISI20220428_0018744693
104,2022.04.28.,[속보] '정인이 학대 살해' 양모 징역 35년 확정…양부는 징역 5년,http://news.heraldcorp.com/view.php?ud=20220428000531
106,2022.04.28.,'정인이 사건' 오늘 대법 선고…양모 2심 징역 35년,https://www.yna.co.kr/view/AKR20220427162500004?input=1195m
107,2022.04.28.,"검찰, '화성 입양아 학대살해' 양부에 항소심도 무기징역 구형",https://imnews.imbc.com/news/2022/society/article/6363704_35673.html
108,2022.04.27.,음식에 니코틴 원액 타 남편 살해 혐의 30대에 檢 무기징역 구형,http://www.segye.com/content/html/2022/04/27/20220427517483.html?OutUrl=naver
109,2022.04.28.,정인이 학대 살해 양모 징역 35년 확정...양부 징역 5년,http://www.kookje.co.kr/news2011/asp/newsbody.asp?code=0300&key=20220428.99099007904
110,2022.04.28.,[속보] '정인이 학대 살해' 양모 징역 35년 확정,https://www.dailian.co.kr/news/view/1108255/?sc=Naver
111,2022.04.28.,정인이 양모 징역 35년 확정에 항의하는 정찾사,http://www.newsis.com/view/?id=NISI20220428_0018744715
117,2022.04.28.,정인이 사건 양모 징역 35년 확정 '대법 상고 기각',https://www.news1.kr/photos/view/?5343180
118,2022.04.29.,이모집 다녀오던 美 10세 초등생 성폭행·살해…범인은 고작 14세,http://news.mt.co.kr/mtview.php?no=2022042909443645694
120,2022.04.28.,대법원 '정인이 사건' 상고 기각 양모 징역 35년 확정,https://www.news1.kr/photos/view/?5343141
121,2022.04.28.,"검찰, '2살 입양아 살해' 양부 항소심서도 무기징역 구형",http://news.mt.co.kr/mtview.php?no=2022042820073450620
125,2022.04.27.,치사량 넘는 니코틴 먹여 남편 살해한 30대에 무기징역 구형,https://www.yna.co.kr/view/AKR20220427064200061?input=1195m
127,2022.04.27.,“기념 여행 가자” 보험금 노리고 살해 시도한 20대들… 중형 선고,https://biz.chosun.com/topics/law_firm/2022/04/27/GGQQIBAHENDJBB4TVVVCC5RQK4/?utm_source=naver&utm_medium=original&utm_campaign=biz
130,2022.04.28.,검찰 ‘화성 입양아 학대 살해 사건’ 양부모 항소심서 무기징역·징역 10년 구형,https://www.khan.co.kr/national/court-law/article/202204281457011
134,2022.04.29.,"[Pick] 장애인 친형 살해한 60대, 쓰러진 형 두고 또 술 사러 나갔다",https://news.sbs.co.kr/news/endPage.do?news_id=N1006733157&plink=ORI&cooper=NAVER
135,2022.04.27.,"검찰, 니코틴 치사량 먹여 남편 살해한 30대 무기징역 구형",https://www.ytn.co.kr/_ln/0103_202204271550183418
137,2022.04.28.,[뉴스1 PICK]‘정인이 사건’ 양모 징역 35년 확정… 양부는 징역 5년,https://www.news1.kr/articles/?4664154
138,2022.04.28.,"“엄마 때문에 차였어”…母살해 30대, 2심 징역 15년",https://news.kmib.co.kr/article/view.asp?arcid=0017024300&code=61121311&cp=nv
141,2022.04.28.,무기징역→35년형 감형 '정인이 양모' 오늘 대법 선고,http://news.mt.co.kr/mtview.php?no=2022042807053922517
144,2022.04.27.,“반성의 기미 없다”… ‘니코틴 살인’ 30대에 무기징역 구형,http://www.segye.com/content/html/2022/04/27/20220427510308.html?OutUrl=naver
145,2022.04.28.,"'정인이 양모' 징역 35년 확정… 시민단체 ""학대 경종 못 울려"" 항의",https://hankookilbo.com/News/Read/A2022042810220001821?did=NA
146,2022.04.27.,"""50일 기념여행"" 보험금 살인 시도한 일당 최고 징역 20년",https://www.yna.co.kr/view/AKR20220427136700054?input=1195m
147,2022.04.28.,[속보] '정인양 학대살해' 양모 징역 35년·양부 5년 확정,http://news.tf.co.kr/read/life/1934803.htm
148,2022.04.27.,이혼 소송 중 남편 살해...2심도 징역 6년,https://www.ytn.co.kr/_ln/0103_202204271604336107
149,2022.04.28.,"검찰, '화성 입양아 학대살해' 양부 항소심도 무기징역 구형",https://www.ytn.co.kr/_ln/0103_202204281656206713
150,2022.04.25.,비아냥 댄 직장동료 둔기로 살해 40대 남성 징역 14년,http://www.daejonilbo.com/news/newsitem.asp?pk_no=1516156
153,2022.04.28.,'정인이' 학대 양모 무기징역 아닌 35년형 확정 받은 이유는?,https://www.bbc.com/korean/news-61253200?xtor=AL-73-%5Bpartner%5D-%5Bnaver%5D-%5Bheadline%5D-%5Bkorean%5D-%5Bbizdev%5D-%5Bisapi%5D
156,2022.04.27.,니코틴 원액 섞은 음료 먹여 남편 살해 혐의 30대 '무기징역' 구형,https://www.news1.kr/articles/?4662561
157,2022.04.28.,"[종합] '정인이 사건' 양모 징역 35년 확정...대법, 상고 기각",http://www.newspim.com/news/view/20220428000582
158,2022.04.25.,"""아기 변기에 넣어라"" 영아살해 방조범 2심도 실형…형량은 줄어",https://www.yna.co.kr/view/AKR20220425100400063?input=1195m
160,2022.04.28.,"2살 입양아 때려 숨지게 한 30대 양부, 2심도 무기징역 구형",http://www.segye.com/content/html/2022/04/28/20220428518913.html?OutUrl=naver
164,2022.04.22.,"검찰 ""검수완박땐 '세모녀 살해사건' 제대로 처리 되겠나""(종합)",http://www.newsis.com/view/?id=NISX20220422_0001844196&cID=10201&pID=10200
165,2022.04.21.,"""염불소리 시끄럽다"" 항의한 주민 살해한 승려 징역 20년",http://news.tf.co.kr/read/national/1933231.htm
166,2022.04.27.,검찰 보완 수사…치사량 넘는 니코틴 먹여 남편 살해한 30대에 무기징역 구형,https://news.sbs.co.kr/news/endPage.do?news_id=N1006729412&plink=ORI&cooper=NAVER
167,2022.04.28.,"""여자 못 만나게 한다""며 친모 살해...망상에 사로잡힌 30대 ‘징역 15년’",http://news.tf.co.kr/read/national/1935013.htm
168,2022.04.28.,이번엔 '니코틴 미숫가루 살해'…아내가 타준 물 먹고 남편 숨져,http://news.mt.co.kr/mtview.php?no=2022042808295562362
169,2022.04.28.,"'정인이' 살해한 양모, 징역 35년 확정…""아이도 못 지키는 법""",http://www.wolyo.co.kr/news/articleView.html?idxno=204445
170,2022.04.27.,니코틴 치사량으로 남편 살해 혐의…檢 ‘무기징역’ 구형,http://www.munhwa.com/news/view.html?no=20220427MW110721349639
173,2022.04.28.,'정인이 사건' 항소심서 징역 35년으로 감형된 양모...대법원 판단은?,http://www.edaily.co.kr/news/newspath.asp?newsid=01492406632300712
174,2022.04.28.,"망상으로 친모 살해 30대, 2심도 징역 15년",https://www.jnilbo.com/view/media/view?code=2022042814383923978
175,2022.04.25.,‘징역 35년형’ 받은 정인이 양모 28일 대법 선고,http://www.segye.com/content/html/2022/04/25/20220425516036.html?OutUrl=naver
176,2022.04.21.,"""염불 시끄럽다""는 주민, 둔기로 수차례 쳐 살해한 승려의 변명",https://www.joongang.co.kr/article/25065317
178,2022.04.27.,'이혼 소송 중 남편 살해' 50대 2심도 징역 6년,https://imnews.imbc.com/news/2022/society/article/6363374_35673.html
179,2022.04.27.,보험금 노리고 ‘위장 교제’하던 여성 살해 시도한 일당 중형,https://www.chosun.com/national/regional/2022/04/27/HYU4UKCIM5DJHG6MTJ2ED7WBE4/?utm_source=naver&utm_medium=referral&utm_campaign=naver-news
180,2022.04.21.,"""염불 시끄럽다"" 항의한 주민 살해한 승려에 징역 20년 선고",https://www.yna.co.kr/view/AKR20220420032400052?input=1195m
181,2022.04.28.,"검찰, 화성 입양아동 학대 사건 양부에 항소심서도 무기징역 구형",http://www.kyeongin.com/main/view.php?key=20220428010005782
182,2022.04.28.,"대법 '정인이 사건' 양모 징역 35년 판결에 대아협 ""형량 아쉽고 가슴 아파""",https://www.news1.kr/articles/?4664026
183,2022.04.28.,[속보] '정인이 학대 살해' 양모·양부 징역 확정,http://www.ggilbo.com/news/articleView.html?idxno=909808
184,2022.04.29.,"검찰, '이석준 살인사건' 피해자 주소 빼낸 흥신소업자 징역 7년 구형",http://www.newspim.com/news/view/20220429000662
185,2022.04.25.,"""아기 변기에 넣어라""…영아살해 도운 남성 2명 2심 실형, 형량은↓",http://mbn.mk.co.kr/pages/news/newsView.php?category=mbn00009&news_seq_no=4747650
187,2022.04.28.,"대법, 오늘 '정인이 사건' 양모 선고...2심은 징역 35년",http://www.newspim.com/news/view/20220427000690
188,2022.04.28.,"""여자 못만나게 해"" 망상…어머니 살해한 아들 2심도 '징역15년'",https://www.news1.kr/articles/?4664186
189,2022.04.28.,"정인이 양모, 징역 35년 확정…“법은 왜 있나” 반발",https://www.etoday.co.kr/news/view/2128908
190,2022.04.30.,‘블랙: 악마를 보았다’ 질투심에 절친과 아이 두 명 살해한 이 씨,http://www.ichannela.com/news/main/news_detailPage.do?publishId=000000294935
192,2022.04.29.,"돈 받고 판 집 주소가 살인으로…흥신소업자, 징역 7년 구형",https://www.sedaily.com/NewsView/264VSL7KJ1
193,2022.04.28.,[상보] ‘정인이 사건’ 양모 징역 35년ㆍ양부 징역 5년 확정,https://www.etoday.co.kr/news/view/2128696
195,2022.04.27.,가정폭력으로 이혼소송 중 남편 살해한 50대…2심도 징역 6년,https://www.news1.kr/articles/?4662745
196,2022.04.27.,음식에 니코틴 원액 섞어 남편 살해한 30대…검찰 무기징역 구형,https://view.asiae.co.kr/article/2022042715245407577
198,2022.04.28.,“엄마 때문에 여자 못 만나” 흉기로 친모 살해한 30대 아들…2심 ‘징역 15년’,http://news.heraldcorp.com/view.php?ud=20220428000766
199,2022.04.28.,"[속보] '정인이 학대 살해' 양모 징역 35년 확정, 양부는 징역 5년",https://www.wikitree.co.kr/articles/751868
201,2022.04.25.,"""내 요청 거절?"" 둔기 휘둘러 20대 직장동료 살해한 40대, 징역 14년",http://news.mt.co.kr/mtview.php?no=2022042515191283523
203,2022.04.28.,"'정인이 학대' 양모 장모씨, 징역 35년 확정 부",http://www.thedrive.co.kr/news/newsview.php?ncode=1065601487064430
204,2022.04.21.,'염불 소리' 항의에 주민 살해한 승려…징역 20년,https://www.hankyung.com/society/article/2022042139007
205,2022.04.26.,다방 종업원 성폭행·살해 시도 50대 남성 징역 15년,https://www.ytn.co.kr/_ln/0103_202204261303390476
206,2022.04.27.,보험금 노리고 살해 시도 주범 징역 20년 선고,http://www.kwangju.co.kr/article.php?aid=1651059000737636006
208,2022.04.27.,"'폭력 남편' 살해한 아내, 2심서도 징역 6년",http://news.heraldcorp.com/view.php?ud=20220427000864
211,2022.04.21.,"""염불 소리 시끄럽다""…항의 이웃 살해한 승려 징역 20년",http://news.mk.co.kr/newsRead.php?no=358288&year=2022
213,2022.04.28.,"""이 따위 판결을""... 대법, '정인이 사건' 양모 징역 35년 확정",http://www.ltn.kr/news/articleView.html?idxno=35058
217,2022.04.28.,온라인 게임 현피에 살인까지 저지른 30대 징역 15년 확정,https://www.news1.kr/articles/?4663600
218,2022.04.21.,가정폭력 시달리다 끝내 남편 살해…2심 징역 12→8년 감형,http://news.tf.co.kr/read/life/1932821.htm
219,2022.04.14.,'노원 세 모녀 살해' 김태현 무기징역 확정,http://news.tvchosun.com/site/data/html_dir/2022/04/14/2022041490058.html
224,2022.04.28.,'정인이 사건' 양모 징역 35년·양부 징역 5년 확정,http://www.kdfnews.com/news/articleView.html?idxno=90838
225,2022.04.21.,"""염불 시끄럽다"" 항의한 주민 살해한 승려, 징역 20년 선고",http://www.sportsseoul.com/news/read/1116958?ref=naver
231,2022.04.21.,"""염불 시끄럽다"" 항의 주민 살해한 승려에 징역 20년 선고",http://www.yonhapnewstv.co.kr/MYH20220421022300038/?input=1825m
232,2022.04.14.,[속보] ‘노원구 세 모녀 살해’ 김태현 무기징역 확정,https://www.hani.co.kr/arti/society/society_general/1038886.html
234,2022.04.29.,美 14세 소년이 알고 지내던 10세 소녀 성폭행 후 살해,https://kizmom.hankyung.com/news/view.html?aid=202204291995o
235,2022.04.22.,"""염불 시끄럽다"" 항의 주민 살해한 승려…징역 20년",http://www.edaily.co.kr/news/newspath.asp?newsid=01502246632298744
236,2022.04.22.,"검찰, 인천 '층간소음 흉기난동' 40대 남성에 징역 30년 구형",https://imnews.imbc.com/news/2022/society/article/6361943_35673.html
238,2022.04.27.,치사량 니코틴 먹여 남편 살해 혐의…30대 '무기징역' 구형,http://www.inews24.com/view/1474865
239,2022.04.28.,멕시코 여성 범죄 처벌 강화 '살해 미수 40년',http://www.obsnews.co.kr/news/articleView.html?idxno=1351455
240,2022.04.21.,"""염불 시끄럽다"" 항의에…이웃 둔기로 때려 살해한 승려, 징역 20년",http://news.mt.co.kr/mtview.php?no=2022042119472329335
243,2022.04.27.,보험금 노린 ‘50일 살인여행’…제2의 이은해 일당에 法 '최고 징역',http://news.heraldcorp.com/view.php?ud=20220427000890
244,2022.04.14.,‘노원 세 모녀 살해’ 김태현 무기징역 확정,http://www.segye.com/content/html/2022/04/14/20220414516548.html?OutUrl=naver
245,2022.04.14., '노원 세모녀 살해' 김태현 무기징역 확정,http://www.fnnews.com/news/202204141054116425
246,2022.04.28.,"정인이 양모, 징역 35년 확정…양부 징역 5년",https://www.sisa-news.com/news/article.html?no=197455
247,2022.04.28.,"'1심 무기징역→대법원 35년형' 정인이 양모, 낮아진 형량 확정",http://www.ziksir.com/news/articleView.html?idxno=24049
251,2022.04.28.,"'정인이 사건' 양모, 징역 35년 확정",https://kizmom.hankyung.com/news/view.html?aid=202204289128o
252,2022.04.21.,‘신변보호 여성 가족 살해’ 이석준에 주소 넘긴 흥신소업자 징역 1년,http://www.segye.com/content/html/2022/04/21/20220421514817.html?OutUrl=naver
253,2022.04.27.,미숫가루에 니코틴 원액 콸콸…남편 살해한 아내의 최후,https://www.joongang.co.kr/article/25066800
256,2022.04.23.,'신변보호 여성 살해' 이석준에 피해자 주소 넘긴 일당 실형,https://imnews.imbc.com/news/2022/society/article/6362078_35673.html
257,2022.04.25.,2심 '징역 35년' 감형 받은 정인이 양모…28일 대법 선고,http://news.mt.co.kr/mtview.php?no=2022042517092458697
258,2022.04.25.,"'평소 불친절' 둔기로 마트 종업원 내려친 50대, 징역형",http://www.newsis.com/view/?id=NISX20220425_0001846324&cID=10810&pID=10800
261,2022.04.20.,"""함께 가려 했는데…"" 중증장애 딸 살해한 엄마 '징역 10년' 구형",https://www.nocutnews.co.kr/news/5743555
262,2022.04.28.,'정인이 사건' 미필적 고의 살인죄 인정..양모 징역 35년 확정,http://www.00news.co.kr/news/articleView.html?idxno=72545
263,2022.04.21.,도박 빚 때문에…지인 돈 빼앗고 살해한 40대 징역 30년,http://news.heraldcorp.com/view.php?ud=20220421000806
264,2022.04.21.,"50만원 받고 이석준에 피해자 정보 넘긴 흥신소 업자, 1심서 징역 1년",https://news.jtbc.joins.com/article/article.aspx?news_id=NB12056273
265,2022.04.22.,"檢, '인천 층간소음 흉기 난동' 40대 피의자에 징역 30년 구형",http://www.segye.com/content/html/2022/04/22/20220422513284.html?OutUrl=naver
269,2022.04.25.," 대법, 28일 '정인이 사건' 선고…2심은 양모 징역 35년",http://www.fnnews.com/news/202204251537492130
270,2022.04.22.,"검찰, '인천 흉기난동' 40대에 징역 30년 구형",https://www.yna.co.kr/view/AKR20220422132900065?input=1195m
272,2022.04.14.,"[속보] '노원 세 모녀 살해' 김태현, 무기징역 확정",http://www.busan.com/view/busan/view.php?code=2022041410383343143
274,2022.04.14.,"대법원, 노원구 세모녀 살인 김태현에 무기징역 확정",https://news.jtbc.joins.com/article/article.aspx?news_id=NB12055242
275,2022.04.15.,술자리에서 남자친구 흉기로 살해…20대 공무원 징역형,https://view.asiae.co.kr/article/2022041521124312834
276,2022.04.21.,'도박 빚 때문에' 지인 돈 빼앗고 살해한 40대 징역 30년,http://www.inews24.com/view/1472828
277,2022.04.20.,발달장애 딸 살해한 친모…“살아있는 게 죄인” 눈물,http://news.kmib.co.kr/article/view.asp?arcid=0016994370&code=61121311&cp=nv
279,2022.04.28.,[속보] '정인이 학대·살해' 양모 징역 35년 확정…양부 5년,https://www.etoday.co.kr/news/view/2128686
281,2022.04.21.,도박 빚 몰려 지인 돈 빼앗고 살해...징역 30년,https://www.ytn.co.kr/_ln/0103_202204212350019672
283,2022.04.15.,술자리서 다투다 남친 살해…20대 공무원 징역 4년,https://www.yna.co.kr/view/AKR20220415057400065?did=1195m
284,2022.04.14.,"세모녀 살해 김태현, 무기징역 확정",https://www.chosun.com/national/court_law/2022/04/14/BEYX4FWO2BABJNS6FOSTI5QSII/?utm_source=naver&utm_medium=referral&utm_campaign=naver-news
285,2022.04.25.,"[Pick] ""평소 불친절"" 마트 종업원에 둔기 내려친 50대, 징역 5년 선고",https://news.sbs.co.kr/news/endPage.do?news_id=N1006726944&plink=ORI&cooper=NAVER
289,2022.04.21.,이석준에 피해자 정보 50만원에 판 흥신소 업자 '징역 1년',http://moneys.mt.co.kr/news/mwView.php?no=2022042115078023290
292,2022.04.25.,갓 태어난 영아 살해 돕거나 방조한 30대 2명 항소심서 감형,https://www.news1.kr/articles/?4659740
293,2022.04.22.,원아 ‘학대치사’ 원장 징역 9년…영아 성폭행·살해범 사형 구형,https://news.kbs.co.kr/news/view.do?ncd=5446934&ref=A
294,2022.04.25.,"""변기에 아기 넣어"" 낙태약 팔고 살해 방조한 2명, 항소심서 감형",http://www.ccnnews.co.kr/news/articleView.html?idxno=254933
295,2022.04.20.,"말다툼하다 살해·12년 간 성폭행… 法, '악마 새아빠'들에 중형 선고",http://www.segye.com/content/html/2022/04/20/20220420509828.html?OutUrl=naver
296,2022.04.27.,"'이석준 사건' 정보제공 흥신소업자, 1심 징역 1년형에 항소",http://www.edaily.co.kr/news/newspath.asp?newsid=03670326632300384
297,2022.04.21.,"""염불 소리 시끄러워"" 항의한 주민 살해한 승려 징역 20년",http://www.hg-times.com/news/articleView.html?idxno=240933
298,2022.04.27.,"사망보험금 노리고 살인 시도한 20대, 징역 20년 선고",https://www.nbntv.co.kr/news/articleView.html?idxno=969120
299,2022.04.20.,발달장애 딸 살해 후 극단 선택 시도한 친모에 징역 10년 구형,https://www.yna.co.kr/view/AKR20220420094000061?input=1195m
300,2022.04.27.,"이석준에 신변 보호 여성 주소 넘긴 흥신소업자, 1심 징역 1년에 항소",https://biz.chosun.com/topics/topics_social/2022/04/27/EBMXDLEL25BB3CTZ4EJ4YSPA3U/?utm_source=naver&utm_medium=original&utm_campaign=biz
301,2022.04.14.,"세모녀 살해 김태현, '무기징역' 확정",https://www.khan.co.kr/national/court-law/article/202204141155001
302,2022.04.21.,"이석준에 피해자 정보 판 흥신소 업자, 1심서 징역 1년",https://www.yna.co.kr/view/AKR20220421108600004?input=1195m
303,2022.04.15.,술 취해 홧김에…오피스텔서 남친 살해 공무원 징역 4년,http://www.newsis.com/view/?id=NISX20220415_0001834963&cID=10802&pID=14000
304,2022.04.20.,모욕적인 말 했다는 이유로 의붓딸 살해…항소심도 징역 20년,https://www.yna.co.kr/view/AKR20220420066600055?input=1195m
305,2022.04.22.,"20개월 의붓딸 성폭행·학대 살해 30대…검찰, 2심도 사형 구형",http://www.segye.com/content/html/2022/04/22/20220422510485.html?OutUrl=naver
306,2022.04.29.,"전 여자친구 집에 불 질러 2명 살해한 20대, 대법원 상고",http://www.tjb.co.kr/sub0301/bodo/view/id/56154
307,2022.04.14.,'노원 세모녀 살인' 김태현 무기징역 확정,http://www.womennews.co.kr/news/articleView.html?idxno=222211
309,2022.04.21.,도박 빚 마련하려…알고지내던 여성 살해 40대 남성 징역 30년,https://www.pressian.com/pages/articles/2022042116332191644?utm_source=naver&utm_medium=search
310,2022.04.15.,‘술자리서 다투다 남자친구 살해’ 20대에 징역 4년,https://news.kbs.co.kr/news/view.do?ncd=5441197&ref=A
312,2022.04.14.,"‘노원 세 모녀 살해’ 김태현, 무기징역 확정",https://www.donga.com/news/article/all/20220414/112875543/2
315,2022.04.25.,스토커에 피해女 집주소 팔아치운 공무원…檢 ‘징역 7년’ 구형,http://news.heraldcorp.com/view.php?ud=20220425000823
325,2022.04.20.,"가정폭력 시달리다 남편 살해한 60대 여성, 항소심서도 징역 8년",http://www.womennews.co.kr/news/articleView.html?idxno=222460
326,2022.04.25.,"검찰, 이석준에 개인정보 넘긴 권선구청 공무원 징역 7년 구형",http://www.newsis.com/view/?id=NISX20220425_0001847098&cID=10201&pID=10200
327,2022.04.28.,[속보] '정인이 학대 살해' 양모 징역 35년・양부 징역 5년,https://www.jeonmae.co.kr/news/articleView.html?idxno=886861
328,2022.04.21.,쓰레기통에 신생아 버려 살해하려 한 친모 항소심도 징역 12년,https://www.nocutnews.co.kr/news/5744462
329,2022.04.26.,"다방 여성종업원 성폭행 실패하자 흉기 휘두른 50대男, 징역 15년",http://news.mt.co.kr/mtview.php?no=2022042607134040728
331,2022.04.14.,"'노원 세모녀 살해' 김태현, 오늘 대법 선고…2심 무기징역",http://www.newsis.com/view/?id=NISX20220413_0001832381&cID=10201&pID=10200
332,2022.04.21.,'신변보호 여성 가족 살해' 이석준에 정보 넘긴 30대 징역 1년,http://news.tf.co.kr/read/life/1933166.htm
333,2022.04.21.,'염불 소음' 항의한 주민 둔기로 살해한 승려 '중형',http://ikbc.co.kr/kor/news?mode=view&nwCd=main_news_06&menuId=56_65_435&nwid=382599
334,2022.04.26.,직장동료에게 둔기 휘둘러 숨지게 한 40대 ‘징역 14년’,http://www.segye.com/content/html/2022/04/25/20220425514339.html?OutUrl=naver
336,2022.04.14.,"‘노원 세 모녀 살인’ 김태현, 무기징역 확정",https://news.kbs.co.kr/news/view.do?ncd=5440208&ref=A
337,2022.04.20.,발달장애 딸 살해한 말기암 엄마…“제가 죄인입니다” 눈물,https://www.donga.com/news/article/all/20220420/112993654/2
340,2022.04.23.,"""길고양이 학대·살해범 강력 처벌하라"" 청와대 청원 50만명 돌파",http://moneys.mt.co.kr/news/mwView.php?no=2022042315438045482
341,2022.04.20.,"“딸에게 사과하고 싶다”…검찰, 발달장애 딸 살해한 친모 징역 10년 구형",https://www.kgnews.co.kr/news/article.html?no=697944
342,2022.04.20.,"발달장애 딸 살해한 말기암 母…""제가 죄인입니다""",http://www.edaily.co.kr/news/newspath.asp?newsid=03404646632298088
344,2022.04.27.,'미숫가루에 니코틴 가득'...남편 살해한 30대 부인 무기징역 구형,https://www.nbntv.co.kr/news/articleView.html?idxno=969104
345,2022.04.14.,"대법원, '노원 세 모녀 살인' 김태현 무기징역 확정",https://news.sbs.co.kr/news/endPage.do?news_id=N1006713380&plink=ORI&cooper=NAVER
348,2022.04.22.,"20개월 딸 잔혹 살해한 30대 계부…검찰, 2심서도 사형 구형",https://www.joongang.co.kr/article/25065553
349,2022.04.21.,"음식물 쓰레기통에 아이 버린 친모, 항소심도 징역 12년",https://www.cjb.co.kr/home/sub.php?menukey=61&mod=view&P_NO=220421106&PRO_CODE=99
352,2022.04.20.,발달장애 친딸 살해 후 극단선택 시도한 암투병 엄마 징역 10년 구형,https://www.news1.kr/articles/?4654911
353,2022.04.25.,"검찰, '이석준 살인' 피해자 주소 유출 공무원에 징역 7년 구형",http://www.newspim.com/news/view/20220425001101
358,2022.04.20.,'가족까지 위협' 폭력남편 살해한 아내…항소심서 감형,http://www.newsis.com/view/?id=NISX20220420_0001840975&cID=10201&pID=10200
359,2022.04.15.,불륜 사실 알게되자 아내 살해한 50대 징역 12년,http://ikbc.co.kr/kor/news?mode=view&nwCd=main_news_06&menuId=56_65_435&nwid=382175
361,2022.04.20.,생활고 겪다 발달장애 딸 살해…'암말기' 친모에 징역 10년 구형,https://www.joongang.co.kr/article/25064928
365,2022.04.20.,발달장애 딸 살해한 암투병 엄마… “어떤 죄도 받겠다” 눈물,http://www.segye.com/content/html/2022/04/20/20220420516035.html?OutUrl=naver
366,2022.04.16.,"""기분 나빠서…"" 흉기 던져 남친 살해한 20대 공무원 징역 4년",http://www.busan.com/view/busan/view.php?code=2022041617274827347
367,2022.04.22.,"검찰, 20개월 의붓딸 성폭행·학대살해범 2심도 사형 구형",http://news.kmib.co.kr/article/view.asp?arcid=0017003094&code=61121311&cp=nv
368,2022.04.15.,“홧김에 그만” 술자리서 남친에게 흉기 던져 살해한 공무원 징역 4년,https://biz.chosun.com/topics/law_firm/2022/04/15/47ISMPP22FBR3MXP3JGS54UIYM/?utm_source=naver&utm_medium=original&utm_campaign=biz
369,2022.04.21.,도박빚 허덕이다 지인 돈 뺏고 살해·시신유기… 40대 징역 30년,https://biz.chosun.com/topics/topics_social/2022/04/21/H6XN47B4N5ERVDH7QILCMBQCOQ/?utm_source=naver&utm_medium=original&utm_campaign=biz
371,2022.04.22.,"‘20개월 영아 성폭행·살해’ 30대, 2심서도 사형 구형",https://biz.chosun.com/topics/law_firm/2022/04/22/VWQGPA6VBRBWXKF4H3CWKX3LPE/?utm_source=naver&utm_medium=original&utm_campaign=biz
372,2022.04.26.,남편을 살해한 사람을 용서하고 사돈이 됐다…학살 28주기 르완다 어느 가족의 화해 여정,https://www.khan.co.kr/world/mideast-africa/article/202204261412001
373,2022.04.14.,대법 '세 모녀 살해' 김태현 무기징역 확정,http://www.newspim.com/news/view/20220414000425
374,2022.04.25.,"""아기 변기에 넣어라"" 영아살해 방조범 2심도 실형",http://www.tjb.co.kr/sub0301/bodo/view/id/56066
375,2022.04.23.,"'전여친 부모 살해·성폭행' 최연소 사형수…""이렇게 잔인할 수가"" 충격",https://www.news1.kr/articles/?4658281
376,2022.04.20.,발달장애 딸 살해 후 극단적 시도… 50대 친모에 징역 10년 구형,https://biz.chosun.com/topics/law_firm/2022/04/20/X3J2J3DXENGFLOD5V66GAEOWGI/?utm_source=naver&utm_medium=original&utm_campaign=biz
377,2022.04.16.,"'딴남자랑 잤어', 취중진담한 아내 살해한 50대 징역형 ",http://news.tf.co.kr/read/national/1931903.htm
378,2022.04.20.,"""찌질이라고?"" 의붓딸 살해한 50대 항소심도 '징역 20년'",https://www.news1.kr/articles/?4654588
379,2022.04.15.,술자리서 다투다 홧김에 흉기로 남친 살해한 20대 공무원 징역 4년,http://www.segye.com/content/html/2022/04/15/20220415509298.html?OutUrl=naver
381,2022.04.04.,"이별 통보 전 여친 찾아가 살해…조현진, 징역 23년 선고",https://news.sbs.co.kr/news/endPage.do?news_id=N1006700679&plink=ORI&cooper=NAVER
382,2022.04.16.,"""술 먹는데 기분 나쁘게…"" 남친 살해 20대 공무원, 징역 4년 선고",https://news.imaeil.com/page/view/2022041618240619337
383,2022.04.21.,"이석준에 신변보호女 개인정보 넘긴 흥신소업자, 징역1년형",http://www.edaily.co.kr/news/newspath.asp?newsid=02827366632298416
384,2022.04.14.,'노원 세 모녀 살인' 김태현 대법서 무기징역 확정,https://www.news1.kr/articles/?4648108
385,2022.04.15.,술자리에서 다투다 남자친구 흉기 살해 20대 징역 4년,https://www.ytn.co.kr/_ln/0103_202204151350465594
395,2022.04.21.,음식물통에 신생아 버려 살해 시도 친모… 2심도 징역 12년 중형,https://www.joongang.co.kr/article/25065278
396,2022.04.19.,신성모독 스리랑카인 살해 후 붙태운 파키스탄男 6명 사형 선고,http://www.newsis.com/view/?id=NISX20220419_0001838787&cID=10101&pID=10100
397,2022.04.14.,[속보] '노원 세 모녀 살인' 김태현 무기징역 확정,https://www.hankyung.com/society/article/2022041457537
398,2022.04.20.,'Z' 쓰면 징역·벌금…러시아 전쟁 지지 법으로 금지한 나라는?,http://news.mk.co.kr/newsRead.php?no=351758&year=2022
399,2022.04.21.,"“갓난 아기 쓰레기통에 버려” 20대 친모, 항소심도 징역 12년",https://www.seoul.co.kr/news/newsView.php?id=20220421500198&wlog_tag3=naver
403,2022.04.21.,"그냥 웃었는데 “왜 비웃냐”…여성 2명 찌른 60대, 징역 7년",http://news.kmib.co.kr/article/view.asp?arcid=0016997283&code=61122021&cp=nv
404,2022.04.21.,이석준에 피해자 개인정보 넘긴 흥신소 업자 징역 1년,https://hankookilbo.com/News/Read/A2022042113550000480?did=NA
405,2022.04.22.,"""제대로 된 가정 꾸리고 싶었다?…피해아동 이용하고 학대살해""",https://www.nocutnews.co.kr/news/5744905
406,2022.04.04.,"“엄마 살려줘” 외친 前여친 살해 조현진, 징역 23년 선고",http://news.kmib.co.kr/article/view.asp?arcid=0016937957&code=61121311&cp=nv
407,2022.04.20.,신생아 쓰레기봉투 유기 20대 산모…영아살해미수 혐의 '집유',https://www.news1.kr/articles/?4654756
409,2022.04.22.,인천 흉기난동 40대에 징역 30년 구형,https://www.seoul.co.kr/news/newsView.php?id=20220422500130&wlog_tag3=naver
410,2022.04.21.,“날 비웃어?” 일면식도 없는 여성 2명 흉기로 찌른 60대 징역 7년,https://biz.chosun.com/topics/law_firm/2022/04/21/HI4LZQ5WVJGHHDRWUF2TBL3SV4/?utm_source=naver&utm_medium=original&utm_campaign=biz
413,2022.04.20.,말기 암·생활고로 발달장애 딸 숨지게 한 어머니에 징역 10년 구형,http://www.busan.com/view/busan/view.php?code=2022042017012257225
414,2022.04.15.,술 마시다 다퉈 흉기로 남친 살해한 20대 공무원 징역 4년,https://ilyo.co.kr/?ac=article_view&entry_id=426560
415,2022.04.14.,'노원 세 모녀 살인' 김태현에 1 · 2 · 3심 모두 무기징역,https://news.sbs.co.kr/news/endPage.do?news_id=N1006713360&plink=ORI&cooper=NAVER
416,2022.04.21.,"'신변보호 여성 가족 살해' 이석준에 집주소 넘긴 흥신소 업자, 징역 1년",http://www.inews24.com/view/1472845
417,2022.04.23.,"검찰, ‘인천 흉기난동’ 피의자에 징역 30년 구형 “피해자 살아있는 게 기적”",https://www.khan.co.kr/national/incident/article/202204230958001
418,2022.04.14.,노원 세 모녀 살인 김태현 무기징역 확정,https://imnews.imbc.com/news/2022/society/article/6359285_35673.html
419,2022.04.21.,[Pick] 몸싸움하다 남편 살해한 60대 여성… 징역 12년→8년 감형,https://news.sbs.co.kr/news/endPage.do?news_id=N1006722845&plink=ORI&cooper=NAVER
421,2022.04.14.,[속보]'노원 세모녀 살인 사건' 김태현 무기징역 확정,https://www.sedaily.com/NewsView/264OUNISAL
425,2022.04.04.,어머니 애원에도 살해‥'징역 23년',https://imnews.imbc.com/replay/2022/nwdesk/article/6356163_35744.html
426,2022.04.21.,길거리서 여성 2명 흉기로 찌른 60대 남성…징역 7년,https://view.asiae.co.kr/article/2022042107434927403
427,2022.04.22.,‘20개월 의붓딸 성폭행·살해’ 30대 항소심도 사형 구형,http://news.tf.co.kr/read/national/1933415.htm
428,2022.04.22.,"전 여자친구 집에 불 질러 2명 살해한 20대, 징역 30년",http://www.tjb.co.kr/sub0301/bodo/view/id/56024
429,2022.04.14.,"세 모녀 살해한 김태현, 무기징역 확정",http://www.goodmorningcc.com/news/articleView.html?idxno=267726
430,2022.04.14.,[속보]'노원 세모녀 살해' 김태현 무기징역 확정,http://www.fnnews.com/news/202204141038395715
432,2022.04.21.,"""나 비웃었지?""…일면식 없는 여성들 흉기로 찌른 60대 징역형",http://www.segye.com/content/html/2022/04/21/20220421504317.html?OutUrl=naver
434,2022.04.15.,"홧김에 흉기 던져 남친 살해한 20대 공무원…""징역 4년""",http://www.dt.co.kr/contents.html?article_no=2022041502109919607005&ref=naver
435,2022.04.20.,흉기로 의붓딸 살해 징역 20년,http://www.jjn.co.kr/news/articleView.html?idxno=850033
436,2022.04.20.,발달장애 딸 살해 후 극단적 선택 시도 친모 징역 10년 구형,https://www.pressian.com/pages/articles/2022042014542198998?utm_source=naver&utm_medium=search
437,2022.04.04.,'이별 통보 여친 살해' 조현진 징역 23년·보호관찰 5년 선고,http://news.tf.co.kr/read/national/1928887.htm
438,2022.04.21.,"이석준에 피해자 정보 판 흥신소업자, 징역 1년 실형",http://www.newsis.com/view/?id=NISX20220421_0001842822&cID=10201&pID=10200
439,2022.04.28.,'정인이 사건' 양모 징역 35년 확정… 아동학대 사건 어떻게 변했나,http://www.pinpointnews.co.kr/news/articleView.html?idxno=112484
440,2022.04.14.,‘여성에 가족까지 살해’…잇따라 무기징역,https://news.kbs.co.kr/news/view.do?ncd=5440823&ref=A
441,2022.04.27.,보험금 노린 살인 시도 일당 최고 징역 20년,http://www.kjdaily.com/article.php?aid=1651061715573203005
442,2022.04.20.,수십 년 가정폭력 시달리다 남편 살해한 아내 2심서 감형,https://imnews.imbc.com/news/2022/society/article/6361176_35673.html
443,2022.04.14.,대법 ‘노원 세모녀 살해’ 김태현 무기징역 확정,http://news.heraldcorp.com/view.php?ud=20220414000538
444,2022.04.15.,“흉기 던졌지만 고의 아냐” 남친 살해한 20대 女공무원 징역 4년,http://news.heraldcorp.com/view.php?ud=20220415000635
445,2022.04.21.,여성 살해·시신유기 40대 징역 30년,http://www.womennews.co.kr/news/articleView.html?idxno=222496
446,2022.04.17.,부부싸움 중 아내 살해한 50대 징역 12년,https://news.imaeil.com/page/view/2022041712072580618
447,2022.04.21.,쓰레기통에 신생아 버린 친모 항소심도 징역 12년,https://www.ytn.co.kr/_ln/0115_202204211640146879
448,2022.04.28.,"'정인이 사건' 양모 징역 35년 확정…대아협 ""아쉽고 가슴아파""",http://www.kpinews.co.kr/news/articleView.html?idxno=175440
449,2022.04.22.,"‘근친상간’ 검색, 20개월 영아 강간·살해…檢, 항소심서도 사형 구형",http://news.heraldcorp.com/view.php?ud=20220422000552
452,2022.04.14.,'당진 자매 살해' 30대 무기징역 확정,https://www.ytn.co.kr/_ln/0103_202204141441160900
454,2022.04.20.,남편 살해한 아내 항소심서 ‘감형’… 왜?,http://www.segye.com/content/html/2022/04/20/20220420514333.html?OutUrl=naver
455,2022.04.14.,대법원 '노원 세 모녀 살해' 김태현에 무기징역 확정,http://tbs.seoul.kr/news/newsView.do?typ_800=6&idx_800=3467141&seq_800=20459780
456,2022.04.26.,"‘르완다 대학살’ 그 후 28년, 남편 살해한 남성을 용서하고 사돈이 됐다",https://www.khan.co.kr/world/mideast-africa/article/202204262149005
457,2022.04.20.,"檢, 발달장애 딸 살해 후 극단 선택 시도한 친모에 징역 10년 구형",https://www.ytn.co.kr/_ln/0103_202204201444071171
458,2022.04.20.,"""찌질아"" 모욕감에 의붓딸 살해 50대男, 항소했지만 징역20년",http://news.mt.co.kr/mtview.php?no=2022042013380910450
459,2022.04.04.,이별 통보한 전 여친 살해한 조현진 1심 징역 23년,https://news.imaeil.com/page/view/2022040412050347881
460,2022.04.14.,"'세 모녀 살해' 김태현, 결국 평생 감옥에",http://www.sisajournal.com/news/articleView.html?idxno=236757
461,2022.04.23.,"""술 마시자"" 거절했다고 지인 흉기 공격…2심 징역 3년",http://www.newsis.com/view/?id=NISX20220422_0001844739&cID=10201&pID=10200
462,2022.04.21.,"'보복살인' 이석준에 피해자 정보 넘긴 흥신소업자, 1심서 징역 1년",https://view.asiae.co.kr/article/2022042116125556218
463,2022.04.20.,"노래방서 고교생 찔러 살해한 20대, 항소심서 징역 25년 구형",https://biz.chosun.com/topics/law_firm/2022/04/20/MFY2EYRRARGBRDU723UEKXWQHE/?utm_source=naver&utm_medium=original&utm_campaign=biz
464,2022.04.04.,[속보] 엄마와 있던 여친 살해한 조현진 1심 징역 23년,http://www.busan.com/view/busan/view.php?code=2022040411145918788
465,2022.04.20.,20대 발달장애 딸 살해 후 극단선택 시도한 말기 암투병 엄마,http://news.mt.co.kr/mtview.php?no=2022042016224423764
466,2022.04.23.,"전여친 부모 살해한 장재진, 인간이길 포기한 잔혹 행위(블랙)",https://www.newsen.com/news_view.php?uid=202204231501286310
467,2022.04.22.,'염불 소리 시끄럽다' 항의하자…주민 둔기로 때려 살해한 승려,https://www.nocutnews.co.kr/news/5744750
468,2022.04.14.,당진 자매 살해 30대 남성 무기징역 확정,http://www.womennews.co.kr/news/articleView.html?idxno=222222
469,2022.04.07.,"""사이코패스 성향""…검찰, 여친 살해한 조현진 징역 23년에 항소",http://www.edaily.co.kr/news/newspath.asp?newsid=03240646632293824
474,2022.04.23.,20개월 의붓딸 성폭행·살해 혐의 남성에 '법정 최고형' 구형,https://www.hankyung.com/society/article/2022042368217
475,2022.04.21.,발달장애 딸 살해 후 “죄 받겠다”… 고개 떨구며 눈물 흘린 母,http://www.segye.com/content/html/2022/04/20/20220420518873.html?OutUrl=naver
476,2022.04.14.,"'노원구 세모녀 살인' 김태현, 무기징역 확정",http://www.yonhapnewstv.co.kr/MYH20220414010400038/?did=1825m
477,2022.04.21.,"'신변보호 가족 살해' 이석준에 개인정보 판 흥신소 업자, 징역 1년",http://ikbc.co.kr/kor/news?mode=view&nwCd=main_news_06&menuId=56_65_435&nwid=382584
478,2022.04.04.,이별통보 여자친구 살해한 조현진 1심 징역 23년형,https://www.nocutnews.co.kr/news/5733946
479,2022.04.22.,"[영상] ""고양이 최소 50마리 학대·살해""…청와대 청원 50만 돌파",https://www.yna.co.kr/view/AKR20220422149800534?input=1195m
481,2022.04.14.,"'세모녀 살인' 김태현 무기징역 확정…""사형해야"" 상고 기각",http://news.tf.co.kr/read/life/1931389.htm
482,2022.04.15.,술자리서 흉기로 연인 살해…20대 공무원 징역 4년,https://www.kyeonggi.com/article/20220415580011
483,2022.04.14.,“아이들이 무슨 죄”… 자녀 살해 부모도 가중처벌 목소리,http://www.segye.com/content/html/2022/04/14/20220414516531.html?OutUrl=naver
485,2022.04.08.,'고의로 일감 안 준다'… 협력업체 팀장 살해한 50대 징역 28년,http://www.segye.com/content/html/2022/04/08/20220408500447.html?OutUrl=naver
487,2022.04.22.,"검찰, 동거녀 20개월 딸 성폭행·학대 살해한 30대 사형 구형",https://news.kbs.co.kr/news/view.do?ncd=5446583&ref=A
488,2022.04.23.,신변보호 여성 가족 살해 '이석준 사건’ 피해자 주소 넘긴 흥신소 운영자들 '징역형',https://www.dailian.co.kr/news/view/1106399/?sc=Naver
492,2022.04.14.,"'노원 세모녀 살인' 김태현, 무기징역 확정…""영원히 격리""",https://news.imaeil.com/page/view/2022041411014735342
494,2022.04.21.,"'보복살인' 이석준에 피해자 주소 건넨 흥신업자, 징역 1년",http://www.newspim.com/news/view/20220421000768
495,2022.04.04.,"“사형 내려달라” 엄마 애원에도…‘전 여친 살해’ 조현진, 징역 23년",http://news.heraldcorp.com/view.php?ud=20220404000609
496,2022.04.23.,"20개월 의붓딸 학대 살해범…檢, 항소심도 '사형' 구형",http://news.mt.co.kr/mtview.php?no=2022042307072197653
497,2022.04.21.,"""왜 비웃지?"" 일면식도 없는 여성 2명 흉기로 찌른 60대…징역 7년",http://www.dt.co.kr/contents.html?article_no=2022042102109919608001&ref=naver
498,2022.04.25.,"신생아 살해 방조·임신중절 약 판매한 30대, 항소심서 감형",http://www.goodmorningcc.com/news/articleView.html?idxno=268353
499,2022.04.14.,"[상보] '노원 세모녀 살해' 김태현, 무기징역 확정",https://www.etoday.co.kr/news/view/2123892
500,2022.04.04.,이별 통보 전 여친 살해 조현진 1심 징역 23년·보호관찰 5년 선고,http://www.kwnews.co.kr/nview.asp?aid=222040300178
501,2022.04.20.,'가정폭력 시달리다 남편 살해' 60대 2심 감형…징역 12년→8년,https://www.news1.kr/articles/?4654886
502,2022.04.13.,"20개월 동거녀딸 성폭행·살해 30대, 왜…“잘 모르겠다”",http://news.kmib.co.kr/article/view.asp?arcid=0016971884&code=61121311&cp=nv
503,2022.04.20.,발달장애 딸 살해 후 극단 선택 시도한 암투병 엄마에게 징역 10년 구형,https://www.seoul.co.kr/news/newsView.php?id=20220420500092&wlog_tag3=naver
504,2022.04.14.,"""가석방? 기대도 마라""…대법, '노원 세모녀 살해' 김태현 무기징역",http://www.todaykorea.co.kr/news/articleView.html?idxno=298502
505,2022.04.15.,'불륜사실 고백' 만취 아내 살해 50대 남편 징역 12년,http://www.newspim.com/news/view/20220415001031
506,2022.04.08.,일감 안 주자 협력업체 직원 살해 하청업체 대표 징역 28년 확정,https://imnews.imbc.com/news/2022/society/article/6357390_35673.html
507,2022.04.23.,"대학생 살인마 장재진, 전여친 부모 살해 후 성폭행까지..""피해자 꿋꿋하게 살길""",http://www.osen.co.kr/article/G1111823270
508,2022.04.19.,“톱·칼·찜기로 살해… 사체만 50구” ‘고양이 N번방’ 참가자 엄벌 요구 靑 청원,http://www.segye.com/content/html/2022/04/19/20220419517176.html?OutUrl=naver
509,2022.04.04.,"'전 여자친구 흉기 살해' 조현진 징역 23년...유족 ""형량 너무 낮아""",https://www.ytn.co.kr/_ln/0115_202204041638237225
512,2022.04.14.,"'노원 세모녀 살해' 김태현, 무기징역 확정... ""사형이 맞다"" 한 목소리",http://www.ltn.kr/news/articleView.html?idxno=34858
513,2022.04.28.,"'정인이 학대·살해' 양모, 2심서 감형된 징역 35년...양부는 징역 5년",http://woman.chosun.com/news/articleView.html?idxno=97583
514,2022.04.15.,'기분 나빠 홧김에' 술자리서 다투다 남친 살해한 20대 공무원 실형 선고,http://www.fnnews.com/news/202204151447264257
515,2022.04.14.,[B tv 서울뉴스] 노원 '세 모녀 살인' 김태현 무기징역 확정,http://ch1.skbroadband.com/content/view?parent_no=24&content_no=57&p_no=139802
516,2022.04.23.,"2돌 안된 의붓딸 성폭행·학대살해범…檢, 항소심도 '사형' 구형",http://news.heraldcorp.com/view.php?ud=20220423000076
517,2022.04.22.,"'생후 20개월 의붓딸 성폭행‧살해' 30대…검찰, 항소심도 '사형' 구형",http://www.inews24.com/view/1473265
518,2022.04.20.,'수십년 가정폭력 남편 살해' 60대 아내 항소심서 징역 8년,http://www.newspim.com/news/view/20220420000824
519,2022.04.04.,"[속보] ""죄송, 이상입니다"" 前여친 살해 조현진 징역23년",https://www.sedaily.com/NewsView/264K99OFYO
520,2022.04.04.,"법원, 전 여자친구 살해한 20대에 징역 23년 선고",https://www.hani.co.kr/arti/area/chungcheong/1037430.html
521,2022.04.20.,"'남편 살해' 아내, 2심서 감형… ""수십년 가정폭력 인정돼""",https://view.asiae.co.kr/article/2022042015263006572
522,2022.04.13.,20개월 의붓딸 성폭행·살해범…범행 전 '근친상간' 검색했다,https://www.hankyung.com/society/article/2022041347207
523,2022.04.08.,일감 안 준다고…협력업체 팀장 살해한 하청 사장에 징역 28년,https://www.hani.co.kr/arti/society/society_general/1038090.html
524,2022.04.22.,"평소 알고 지내던 여성 폐공장 유인 살해, 시신 유기한 남성 ‘징역 30년’",http://www.segye.com/content/html/2022/04/21/20220421508795.html?OutUrl=naver
525,2022.04.23.,"'블랙' 최연소 사형수 장재진, 전여친 부모 살해한 이유",https://www.gukjenews.com/news/articleView.html?idxno=2453896
526,2022.04.13.,제주 중학생 잔혹 살해…백광석·김시남 2심도 '사형' 구형,https://www.nocutnews.co.kr/news/5739367
527,2022.04.22.,20개월 딸 강간·살해·은닉한 20대 계부… 항소심서도 사형 구형,http://moneys.mt.co.kr/news/mwView.php?no=2022042216538061558
528,2022.04.19.,‘무함마드 포스터’ 찢었다고 살해… 파키스탄 폭도 6명에 사형 선고,https://www.seoul.co.kr/news/newsView.php?id=20220419500122&wlog_tag3=naver
529,2022.04.20.,노래방서 '고교생 살해'한 20대…항소심서 징역 30년 구형 받아,https://www.yna.co.kr/view/AKR20220420150700055?input=1195m
532,2022.04.20.,모욕적인 말 했다는 이유로 의붓딸 살해...항소심도 징역 20년,http://www.jeonmin.co.kr/news/articleView.html?idxno=354210
533,2022.04.14.,‘노원 세 모녀 살인’ 김태현 대법서 무기징역 확정,http://www.kookje.co.kr/news2011/asp/newsbody.asp?code=0300&key=20220414.99099003786
534,2022.04.04.,이별 통보한 여자친구 살해한 조현진 징역 23년,http://news.kmib.co.kr/article/view.asp?arcid=0016939751&code=61121111&cp=nv
535,2022.04.20.,"'생활고 비관' 발달장애 20대 딸 살해한 친모, 징역 10년 구형",https://kizmom.hankyung.com/news/view.html?aid=202204200123o
536,2022.04.21.,"이석준에 피해자 주소 판 흥신소 업자, 1심서 징역 1년",https://www.nocutnews.co.kr/news/5744365
537,2022.04.23.,'스토킹 여성 가족 살해' 이석준에게 개인정보 건넨 일당들 잇따라 실형,https://news.jtbc.joins.com/article/article.aspx?news_id=NB12056496
538,2022.04.13.,"'제주 중학생 살해' 백광석·김시남, 항소심서도 사형 구형",http://www.edaily.co.kr/news/newspath.asp?newsid=02863446632295792
539,2022.04.08.,일감 안준다며 거래업체 직원 살해한 하청업체 대표 징역 28년 확정,https://www.khan.co.kr/national/court-law/article/202204081508001
540,2022.04.21.,50만원에 판 정보가 살인으로…흥신소 업자 징역 1년,https://www.sedaily.com/NewsView/264S3OVHOB
541,2022.04.04.,"이별 통보한 전 여친 살해한 조현진, 징역 23년 선고",https://news.jtbc.joins.com/article/article.aspx?news_id=NB12053793
542,2022.04.22.,비웃는다고 생각해 행인 2명 흉기로 찔러…징역형,https://news.kbs.co.kr/news/view.do?ncd=5446271&ref=A
543,2022.04.20.,'의붓딸 잔인하게 살해' 50대 항소심도 징역 20년,http://www.domin.co.kr/news/articleView.html?idxno=1379319
544,2022.04.21.,"행인들이 비웃는다고 생각, 흉기로 살해하려다 미수에 그친 60대 ‘징역 7년’",http://www.segye.com/content/html/2022/04/21/20220421502561.html?OutUrl=naver
545,2022.04.15.,불륜 사실 털어놓은 아내 살해한 50대에 징역 12년 선고,https://www.yeongnam.com/web/view.php?key=20220415010001972
546,2022.04.15.,흉기 던져 애인 살해한 강서구청 女공무원 징역형 선고,http://www.edaily.co.kr/news/newspath.asp?newsid=02384566632296448
547,2022.04.13.,"20개월 영아 성폭행·학대살해범, 범행 전 ‘근친상간’ 검색",http://www.segye.com/content/html/2022/04/13/20220413514867.html?OutUrl=naver
548,2022.04.22.,"검찰, 20개월 의붓딸 ‘강간·살해·은닉’한 계부 ‘사형’ 구형…“못 할 이유 없어”",http://www.segye.com/content/html/2022/04/22/20220422509797.html?OutUrl=naver
549,2022.04.24.,[클릭 이사건] 사망보험금 타내려 아내 유기치사 남편 ‘징역 17년’,http://www.fnnews.com/news/202204240928267230
551,2022.04.20.,의붓딸 성폭행·살해 계부들 항소심서 중형,https://www.jjan.kr/article/20220420580306
552,2022.04.04.,"이별 통보 전 여친 살해한 조현진, 징역 23년 선고",https://www.chosun.com/national/regional/chungcheong/2022/04/04/W5K5JKLBLNBHHJI3G6SUK56QUA/?utm_source=naver&utm_medium=referral&utm_campaign=naver-news
553,2022.04.25.,"갓 태어난 영아 살해방조한 30대 2명, 2심서 감형",https://tjmbc.co.kr/article/nM4SiYxCYgPCCbG
554,2022.04.14.,"당진 자매 살인범, 최종 '무기징역' 판결",http://www.busan.com/view/busan/view.php?code=2022041415310928250
555,2022.04.20.,"충남 공주교도소 수용자 살해한 무기수 ""정해준 수칙 안 지켜 때렸다""",https://www.news1.kr/articles/?4654593
556,2022.04.04.,"""공포 가늠 어려워""… 이별 통보한 여친 살해 조현진, 징역 23년",http://moneys.mt.co.kr/news/mwView.php?no=2022040414018029747
558,2022.04.22.,"징역 30년 죗값 '폐공장 살인사건'…""돈 요구 거절해서""",http://news.mt.co.kr/mtview.php?no=2022042208211516179
559,2022.04.19.,"日 마마보이, 둘째 계획 중 母와 아내 살해 공모 (장미의 전쟁)[TV북마크]",https://sports.donga.com/article/all/20220419/112956640/1
560,2022.04.04.,이별 통보 전 여자친구 살해한 조현진 징역23년 선고,https://www.news1.kr/articles/?4636834
562,2022.04.13.,"[속보] ‘제주 중학생 살해’ 백광석·김시남, 항소심서도 사형 구형",https://www.seoul.co.kr/news/newsView.php?id=20220413500091&wlog_tag3=naver
563,2022.04.22.,20개월 의붓딸 강간·살해범 '사형' 구형,http://www.chungnamilbo.co.kr/news/articleView.html?idxno=657477
564,2022.04.21.,ubc 울산방송) 왜 비웃어 묻지마 흉기 난동 60대 징역 7년,http://web.ubc.co.kr/wp/archives/98099
565,2022.04.20.,말다툼하다 의붓딸 흉기로 죽게 한 50대 항소서 징역 20년,https://www.nocutnews.co.kr/news/5743360
566,2022.04.16.,"""다른 남자와 성관계 했다""...술 취해 불륜 고백한 아내 살해한 남편 '징역 12년'",https://www.insight.co.kr/news/391221
567,2022.04.15.,"""왜 사과 안해""...흉기 던져 애인 살해한 20대 女공무원, 징역 4년",http://news.mt.co.kr/mtview.php?no=2022041511522747258
568,2022.04.15.,"""나 바람 피워"" 살인 부른 아내의 취중진담…남편 '징역 12년'",http://news.mt.co.kr/mtview.php?no=2022041516441413781
569,2022.04.22.,"검찰, 20개월 의붓딸 성폭행 살해범 항소심에서 사형 구형",http://www.dtnews24.com/news/articleView.html?idxno=723684
570,2022.04.14.,'노원 세 모녀 살해' 김태현 무기징역 확정..잔혹 범죄자 최후,http://www.00news.co.kr/news/articleView.html?idxno=72361
571,2022.04.14.,당진 자매 살해 30대 상고기각…무기징역 확정,https://www.news1.kr/articles/?4648346
572,2022.04.25.,"法, 마트직원 둔기폭행 50대 징역형·보호관찰 5년",http://www.dkilbo.com/news/articleView.html?idxno=363279
573,2022.04.22.,'인천 빌라 흉기난동' 40대에 징역 30년 구형,http://www.yonhapnewstv.co.kr/MYH20220422018800038/?input=1825m
574,2022.04.14.,[속보] ‘노원 세 모녀 살인’ 김태현 무기징역 확정,http://news.mk.co.kr/newsRead.php?no=333899&year=2022
575,2022.04.20.,발달장애 친딸 살해한 50대 친모에 징역 10년 구형,http://www.kihoilbo.co.kr/news/articleView.html?idxno=976028
576,2022.04.23.,“길고양이 학대·살해범 엄벌하라” 청와대 청원 50만명 돌파,https://vop.co.kr/A00001611734.html
577,2022.04.25.,"동업자 살해 후 대포폰으로 생존 위장, 살인 누명까지 ‘소름’ (알쓸범잡2)[결정적장면]",https://www.newsen.com/news_view.php?uid=202204250542571710
578,2022.04.17.,불륜 고백한 아내 흉기로 찔러 살해한 50대 '징역 12년',http://www.kyongbuk.co.kr/news/articleView.html?idxno=2099489
579,2022.04.19.,"아내 살해한 日 마마보이, 둘째 계획 중 母와 살인 공모 [장미의 전쟁] [종합]",http://star.mt.co.kr/stview.php?no=2022041908260713534
580,2022.04.20.,전처딸 살해한 50대 항소심도 징역 20년,http://sjbnews.com/news/news.php?number=742980
581,2022.04.21.,"""러軍, '푸틴 최대 정적'과 이름 같다고 민간인 살해""",http://www.wowtv.co.kr/NewsCenter/News/Read?articleId=A202204210109&t=NN
582,2022.04.13.,"20개월 영아 성폭행·학대살해범 ""범행 이유? 모르겠다""",https://www.yna.co.kr/view/AKR20220413126900063?did=1195m
583,2022.04.20.,"발달장애 딸 사망 이르게 한 50대 친모, 징역 10년 구형",http://www.joongboo.com/news/articleView.html?idxno=363537002
584,2022.04.04.,"대전지법, 이별통보 여친 살해한 조현진에 징역 23년 선고",http://www.newsis.com/view/?id=NISX20220404_0001819439&cID=10807&pID=10800
585,2022.04.14.,"'세모녀 살해' 김태현, 1~3심 모두 무기징역",https://www.asiatoday.co.kr/view.php?key=20220414010008206
586,2022.04.16.,"""남자가 알아서 피했어야지"" 흉기로 남친 살해 女공무원 옹호한 여초 카페 회원들",https://www.dailian.co.kr/news/view/1103841/?sc=Naver
587,2022.04.19.,"대구지법, 술에 취해 불륜 사실 털어 논 아내 살해 남편 징역 12년",http://www.lawissue.co.kr/view.php?ud=2022041908365465069a8c8bf58f_12
588,2022.04.27.,임신중절 약 온라인 불법판매하고 영아 살해 범행 도운 남성 2명 2심도 실형,https://mdtoday.co.kr/news/view/1065602290473783
589,2022.04.15.,"'기분 나빠 홧김에'…술자리서 흉기 던져 애인 살해한 20대 공무원, 징역 4년",http://news.mk.co.kr/newsRead.php?no=339543&year=2022
591,2022.04.28.,"정인이 사건, 오늘(28일) 대법원 선고…양모 2심 징역 35년",http://www.slist.kr/news/articleView.html?idxno=349875
592,2022.04.04.,여친 살해한 조현진 1심 '징역 23년' [종합],https://www.hankyung.com/society/article/2022040417537
593,2022.04.07.,징역 23년 조현진 다시 법정에…검찰 항소,https://www.news1.kr/articles/?4641210
594,2022.04.11.,"“돌봐준 할머니 살해”…10대 형제, 항소심서도 중형 구형",https://www.seoul.co.kr/news/newsView.php?id=20220411500181&wlog_tag3=naver
595,2022.04.21.,신생아 음식물 쓰레기통에 유기한 친모 징역 12년 선고,https://www.nbntv.co.kr/news/articleView.html?idxno=967858
596,2022.04.04.,“이별 통보만으로 즉각 범행”…전 여친 살해 조현진 징역 23년,https://news.kbs.co.kr/news/view.do?ncd=5431475&ref=A
597,2022.04.15.,‘노원 세모녀 살인’ 김태현 무기징역 확정,https://www.donga.com/news/article/all/20220415/112890055/1
598,2022.04.05.,"'재래시장서 지인 살해' 60대, 1심 징역 18년",http://www.newsis.com/view/?id=NISX20220405_0001820808&cID=10201&pID=10200
599,2022.04.20.,중증 발달장애 딸 살해 후 친모에게 '10년 구형',https://www.nbntv.co.kr/news/articleView.html?idxno=967510
601,2022.04.22.,"검찰, 20개월 영아 성폭행·학대 살해범 2심도 사형 구형",https://www.ytn.co.kr/_ln/0115_202204221233305291
602,2022.04.17.,"""나 바람피웠어""... 술 취해 불륜 털어놓은 아내 살해한 50대男 징역 12년",https://www.pressian.com/pages/articles/2022041710280007433?utm_source=naver&utm_medium=search
603,2022.04.16.,'취중진담' 불륜 사실 밝힌 아내 살해한 50대 징역 12년,http://www.kbsm.net/news/view.php?idx=346196
604,2022.04.24.,20개월 된 동거녀 딸 성폭행·학대 살해범 2심도 사형 구형,https://www.cctoday.co.kr/news/articleView.html?idxno=2160798
606,2022.04.21.,갓난아기 음식물 쓰레기 통에 버린 20대 친모…2심서도 징역 12년,https://www.etoday.co.kr/news/view/2126447
607,2022.04.08.,일감 끊기자 협력사 직원 살해...하청업체 대표 징역 28년 확정,https://www.ytn.co.kr/_ln/0103_202204080808130262
608,2022.04.14.,"당진 자매 살인 30대, 대법원서 무기징역 확정",http://www.newsis.com/view/?id=NISX20220414_0001833357&cID=10807&pID=10800
609,2022.04.15.,노원구 일가족 살해 김태현 '무기징역' 확정[플랫],https://www.khan.co.kr/national/court-law/article/202204151400011
611,2022.04.04.,[2보] 이별 통보 전 여친 살해 조현진 1심 징역 23년·보호관찰 5년,http://yna.kr/AKR20220404066200063?did=1195m
612,2022.04.21.,음식물 쓰레기통 아기 버린 친모…2심서도 징역 12년,http://www.thedrive.co.kr/news/newsview.php?ncode=1065603861716016
613,2022.04.11.,"檢, ‘친할머니 살해’ 10대 형제 항소심서도 중형 구형",http://www.segye.com/content/html/2022/04/11/20220411516119.html?OutUrl=naver
615,2022.04.07.,"검찰, '이별 통보 여친 살해' 조현진 징역 23년에 항소",http://news.tf.co.kr/read/national/1929881.htm
616,2022.04.21.,"20여년간 가정폭력 시달리다 남편 살해한 아내, 항소심서 ‘감형’",http://www.segye.com/content/html/2022/04/20/20220420517038.html?OutUrl=naver
617,2022.04.22.,"이웃 주민 살해한 승려, 이유는 ‘염불 소리’…“반성 없다” 징역 20년 선고",https://www.etoday.co.kr/news/view/2126456
618,2022.04.12.,"""아이들이 무슨 죄냐""…자녀 목숨 앗아가는 '비속살해' 가중 처벌 목소리",https://view.asiae.co.kr/article/2022041210225438005
619,2022.04.04.,"이별 통보한 전 여친 살해 조현진, 1심 징역 23년 선고",http://tbs.seoul.kr/news/newsView.do?typ_800=6&idx_800=3466322&seq_800=20458980
620,2022.04.05.,"“또 와서 찔러” 재래시장서 지인 살해 60대, 징역 18년",http://news.kmib.co.kr/article/view.asp?arcid=0016943564&code=61121311&cp=nv
621,2022.04.14.,[속보] '노원 세모녀 살해' 김태현 무기징역 확정,http://news.tf.co.kr/read/life/1931365.htm
622,2022.04.13.,"20개월 영아 성폭행·살해범 범행이유 ""잘 모르겠다""",http://www.daejonilbo.com/news/newsitem.asp?pk_no=1514550
623,2022.04.21.,'돈 안 빌려줘서' 지인 여성 살해·유기한 40대男 징역 30년,http://www.hg-times.com/news/articleView.html?idxno=240932
624,2022.04.21.,"신생아 음식물 쓰레기통에 유기해 살해시도 친모, 항소심에서도 징역 12년 선고",https://www.inews365.com/news/article.html?no=711642
625,2022.04.11.,잔소리한 친할머니 살해 10대 2심서도 무기징역 구형,https://www.news1.kr/articles/?4644631
626,2022.04.08.,"일감 끊기자 하청업체 직원 살해 50대, 징역 28년 확정",https://news.bbsi.co.kr/news/articleView.html?idxno=3064309
627,2022.04.04.,이별 통보 전 여자친구 살해한 조현진 징역 23년,http://www.yonhapnewstv.co.kr/MYH20220404015300038/?did=1825m
629,2022.04.24.,"""왜 내게 불친절해""…마트 종업원 살인 미수 50대 '징역 5년",http://www.kyongbuk.co.kr/news/articleView.html?idxno=2100135
632,2022.04.06.,“왜 지인만 챙기냐” 술 취해 동거녀 찔러 살해한 50대 징역 15년,https://www.news1.kr/articles/?4639952
633,2022.04.07.,"""징역 23년 모자라""…檢, '엄마 앞 딸 살해' 조현진 다시 법정 세운다",http://news.mt.co.kr/mtview.php?no=2022040717110084870
634,2022.04.08.,"""30대 회사원 영문도 모른채 생 마감""…'앙심' 살해한 하청업자",https://www.joongang.co.kr/article/25061853
635,2022.04.05.,"“죄송하다. 이상” 욕실 문 잠그고 전 여친 살해한 조현진, 징역 23년 선고받아",http://www.segye.com/content/html/2022/04/04/20220404512578.html?OutUrl=naver
636,2022.04.04.,이별 통보한 전 여자친구 살해…조현진 1심서 ‘징역 23년’,https://news.kbs.co.kr/news/view.do?ncd=5431418&ref=A
637,2022.04.13.,"20개월 아기 성폭행·학대살해범 ""범행 이유, 모르겠다""",http://mbn.mk.co.kr/pages/news/newsView.php?category=mbn00009&news_seq_no=4739115
638,2022.04.20.,수십년간 가정폭력 시달리다 남편 살해한 아내…2심서 감형,http://mbn.mk.co.kr/pages/news/newsView.php?category=mbn00009&news_seq_no=4744119
639,2022.04.21.,“대통령 살해 부추긴 것”···21초짜리 말장난 영상으로 체포된 ‘베네수엘라 72세 틱톡 할머니’,http://www.segye.com/content/html/2022/04/21/20220421509157.html?OutUrl=naver
640,2022.04.13.,"검찰, '제주 중학생 살해' 백광석·김시남에 2심서도 사형 구형",https://www.news1.kr/articles/?4646952
641,2022.04.07.,"수원지법, 출산 후 영아 의류수거함에 유기한 친모, 징역 3년",http://www.newsis.com/view/?id=NISX20220407_0001824707&cID=10803&pID=14000
642,2022.04.21.,음식물 쓰레기통에 신생아 버린 비정한 친모 2심서도 징역 12년,http://www.dynews.co.kr/news/articleView.html?idxno=657161
643,2022.04.14.,‘당진 자매 살인’ 30대 남성 무기징역 확정,https://news.kbs.co.kr/news/view.do?ncd=5440341&ref=A
644,2022.04.21.,발달장애 딸 살해 후 극단 선택 시도한 말기암 엄마 '징역 10년' 구형,https://www.insight.co.kr/news/392005
645,2022.04.20.,쓰레기봉투에 신생아 유기한 20대 산모 징역형 '집행유예'...출산사실 두려워 '유기',https://www.asiatoday.co.kr/view.php?key=20220420010011971
646,2022.04.14.,'노원 세 모녀 살인' 김태현 무기징역 확정,http://www.obsnews.co.kr/news/articleView.html?idxno=1349831
647,2022.04.16.,"남편 2명 살해·母 실명시킨 엄인숙…수감 후 형사에 ""메이커용품 사달라""",https://www.news1.kr/articles/?4650570
648,2022.04.11.,"“잔소리 지겨워” 할머니 살해한 10대, 무기징역 구형",http://news.kmib.co.kr/article/view.asp?arcid=0016963646&code=61121311&cp=nv
649,2022.04.04.,[B tv 중부뉴스]이별 통보 여자친구 살해 조현진...징역 23년 선고,http://ch1.skbroadband.com/content/view?parent_no=24&content_no=54&p_no=139274
651,2022.04.05.,재래시장에서 지인 살해한 60대 징역 18년,https://www.ytn.co.kr/_ln/0103_202204051337530113
653,2022.04.24.,"[사건 정리] 20개월 여아 성폭행 살해범 양씨 ""사형 못할 이유 못 찾았다""",http://www.goodmorningcc.com/news/articleView.html?idxno=268283
654,2022.04.21.,"여성 강도살인 후 시신 유기한 40대, 징역 30년 선고",https://www.nocutnews.co.kr/news/5744355
655,2022.04.08.,일감 끊기자 1차하청 직원 살해한 2차하청 대표 징역28년 확정,http://yna.kr/AKR20220407116600004?did=1195m
656,2022.04.22.,"""20개월 아기 봉제인형이었다""...검찰, 성폭행·학대살해범에 사형 구형",http://www.ccnnews.co.kr/news/articleView.html?idxno=254737
657,2022.04.11.,"잔소리 끝에 할머니 살해 10대 형제들…""서로 선처해달라""",http://www.newsis.com/view/?id=NISX20220411_0001828978&cID=10810&pID=10800
658,2022.04.24.,"검찰, 인천 '층간소음 흉기난동' 40대에 징역 30년 구형",http://www.joongboo.com/news/articleView.html?idxno=363537565
659,2022.04.07.,"검찰 ""여자친구 살해범 조현진 사이코패스 성향"" 항소",https://www.nocutnews.co.kr/news/5736421
660,2022.04.08.,"하도급 총괄 직원 살해한 하청업체 대표... 대법, 징역 28년 선고",https://biz.chosun.com/topics/law_firm/2022/04/08/LLMU4LCIUFG7PELVZBZNDGU3BU/?utm_source=naver&utm_medium=original&utm_campaign=biz
661,2022.04.21.,여성 상대 묻지마 흉기 휘두른 60대 남성에 징역 7년,http://www.ujeil.com/news/articleView.html?idxno=302242
662,2022.04.04.,"전 여자친구 살해한 조현진, 징역 23년 선고",http://www.goodmorningcc.com/news/articleView.html?idxno=267097
663,2022.04.04.,모친 있는 데서 前 여자친구 살해…조현진에 '징역 23년',http://www.sisajournal.com/news/articleView.html?idxno=236012
664,2022.04.29.,美 위스콘신서 평소 알고 지내던 10세 소녀 강간살해...용의자는 14세 소년 [글로벌이야기],http://www.sisunnews.co.kr/news/articleView.html?idxno=162642
665,2022.04.14.,"'노원 일가족 살해' 김태현, 무기징역 확정…그는 45살 되면 사회로 돌아올 수 있다",https://lawtalknews.co.kr/article/MY7FLZYZDEAU
667,2022.04.04.,"어머니 있는데…전 여친 무참히 살해한 조현진, 징역 23년 선고",http://news.mt.co.kr/mtview.php?no=2022040411453273250
668,2022.04.06.,말다툼 벌이다… 동거녀 살해한 50대 징역 15년,https://hankookilbo.com/News/Read/A2022040611480001440?did=NA
669,2022.04.11.,"친할머니 살해 대구 10대 형제, 어머니 증인 출석…""깊이 반성, 선처 부탁""",https://news.imaeil.com/page/view/2022041116314903273
670,2022.04.29.,"미국 14세 소년, 평소 알고 지내던 10세 소녀 성폭행 후 살해",http://www.topstarnews.net/news/articleView.html?idxno=14688434
671,2022.04.12.,"친할머니 살해한 10대 형제…엄마는 ""잘 돌볼게요"" 호소",http://www.edaily.co.kr/news/newspath.asp?newsid=02548566632295464
672,2022.04.04.,이별 통보 여자친구 욕실 살인 조현진 징역 23년,http://www.segye.com/content/html/2022/04/04/20220404507251.html?OutUrl=naver
673,2022.04.13.,"검찰, ‘제주 중학생 살해’ 백광석·김시남 항소심서도 사형 구형",https://www.joongang.co.kr/article/25063104
674,2022.04.14.,[영상] 우발적 범행 주장했던 '세 모녀 살인' 김태현 무기징역 확정,https://www.yna.co.kr/view/AKR20220414152200534?did=1195m
675,2022.04.05.,"재래시장서 흉기로 지인 살해한 60대 남성, 징역 18년",http://www.edaily.co.kr/news/newspath.asp?newsid=02892966632293168
676,2022.04.22.,"‘블랙: 악마를 보았다’ 최연소 사형 집행 예정자 장재진, 중년 부부 살해한 이유는?",http://www.ichannela.com/news/main/news_detailPage.do?publishId=000000293813
677,2022.04.22.,"검사 ""양심의 가책 전혀 없다!""…20개월 여아 강간 살해범, 항소심도 '사형' 구형",http://www.goodmorningcc.com/news/articleView.html?idxno=268229
678,2022.04.09.,“왜 일 안줘” 협력업체 직원 잔혹살해 50대…징역 28년,http://news.kmib.co.kr/article/view.asp?arcid=0016955619&code=61121311&cp=nv
679,2022.04.14.,"'세 모녀 살해' 김태현, 대법원서 무기징역 확정",http://www.ziksir.com/news/articleView.html?idxno=23277
683,2022.04.21.,신생아 유기 20대 친모 징역 12년,http://www.cctimes.kr/news/articleView.html?idxno=701571
684,2022.04.07.,"""남편 알까봐""…신생아 의류수거함에 버린 친모 징역 3년",http://www.edaily.co.kr/news/newspath.asp?newsid=03348886632293824
685,2022.04.14.,"대법, '노원 세 모녀 살인' 김태현 무기징역 확정",https://news.bbsi.co.kr/news/articleView.html?idxno=3064933
686,2022.04.13.,"‘제주 중학생 살해’ 백광석김시남, 항소심서도 사형 구형",http://www.segye.com/content/html/2022/04/13/20220413509850.html?OutUrl=naver
687,2022.04.04.,‘이별 통보 전여친 살해’ 조현진 1심 징역 23년 선고,https://www.sedaily.com/NewsView/264KAY8KZU
688,2022.04.23.,"고양이 눈 터뜨리고, 물고문 살해...""강력처벌"" 靑청원 50만명 동의",https://www.ajunews.com/view/20220423161042971
689,2022.04.14.,"[판결] '노원 세 모녀 살인' 김태현, 무기징역 확정",https://www.lawtimes.co.kr/Legal-News/Legal-News-View?serial=177911
691,2022.04.13.,“애정표현했다” “학대 이유는 모른다”…20개월 딸 성폭행·살해한 아빠,https://www.seoul.co.kr/news/newsView.php?id=20220413500181&wlog_tag3=naver
692,2022.04.07.,"갓 출산한 아기 의류수거함에 버린 엄마...법원 ""징역 3년""",https://hankookilbo.com/News/Read/A2022040717130000107?did=NA
693,2022.04.13.,"검찰, '제주 중학생 살해' 백광석·김시남 항소심서도 사형 구형",http://news.mt.co.kr/mtview.php?no=2022041318333069948
694,2022.04.04.,"法, ""前 여친 살해"" 조현진 1심 징역 23년",https://www.siminilbo.co.kr/news/newsview.php?ncode=1160289813863802
695,2022.04.20.,신생아 유기한 20대 여성 '징역 1년 6개월˙집행유예 2년' 선고,https://kjmbc.co.kr/article/f347MKhtVCZfcT_z
696,2022.04.07.,"검찰, '전 여자친구 흉기 살해' 조현진 사건 항소",https://www.ytn.co.kr/_ln/0115_202204071744138101
697,2022.04.18.,"10년간 계부에 성폭행 당한 딸, 살해 후 ""감옥이 훨씬 편해""",http://news.mt.co.kr/mtview.php?no=2022041808123531466
698,2022.04.08.,“왜 일감 안줘”… 1차 하청 직원 살해한 2차 하청 대표 징역 28년,https://www.chosun.com/national/court_law/2022/04/08/KO3NMDJJEZFFNC67XZ3ISF5UUE/?utm_source=naver&utm_medium=referral&utm_campaign=naver-news
699,2022.04.21.,'선 넘은 흥신소'... 이석준에 집 주소 넘긴 업자 징역 1년,https://www.nbntv.co.kr/news/articleView.html?idxno=967857
703,2022.04.04.,"'이별 통보 전 여친 살해' 조현진, 1심서 징역 23년형",http://mbn.mk.co.kr/pages/news/newsView.php?category=mbn00009&news_seq_no=4731972
705,2022.04.15.,술자리서 다투다 남친 흉기 살해…20대 여성 공무원 징역 4년,http://www.ifm.kr/news/333429
706,2022.04.07.,남편 몰래 낳은 아기 방치해서 숨지자 의류수거함에 버린 엄마 징역 3년,https://www.seoul.co.kr/news/newsView.php?id=20220407500148&wlog_tag3=naver
708,2022.04.11.,10년 키워준 할머니 살해 10대 형제 항소심 중형 구형,http://news.kmib.co.kr/article/view.asp?arcid=0016963408&code=61122020&cp=nv
709,2022.04.19.,엄마 지시에 아내 살해·유기한 日마마보이…거짓 실종 신고까지,http://news.mt.co.kr/mtview.php?no=2022041908432383427
710,2022.04.07.,출산 후 숨진 아기 의류수거함에 버린 친모 징역 3년,http://yna.kr/AKR20220407097100061?did=1195m
713,2022.04.22.,"함께 사는 친모 살해한 40대 男, 경찰 검거",https://www.nbntv.co.kr/news/articleView.html?idxno=967976
714,2022.04.24.,층간소음 이유로 화목한 가정 파탄 흉기난동 피의자에 징역 30년 구형,http://www.kihoilbo.co.kr/news/articleView.html?idxno=976423
715,2022.04.20.,흉기로 고교생 살해한 20대 항소심서 징역 30년 구형,http://www.jjn.co.kr/news/articleView.html?idxno=850035
716,2022.04.14.,"(영상)‘노원 세 모녀 살인’ 김태현, 무기징역 확정",http://www.newstomato.com/ReadNews.aspx?no=1117253&inflow=N
717,2022.04.15.,만취해 불륜 사실 고백한 아내 살해한 남편 중형,http://www.inews24.com/view/1471052
718,2022.04.21.,"일면식 없는 여성들 흉기로 찌른 60대, 징역 7년",https://kizmom.hankyung.com/news/view.html?aid=202204211696o
719,2022.04.04.,이별 통보한 여친 무참히 살해한 조현진 징역 23년 선고,https://www.cctoday.co.kr/news/articleView.html?idxno=2159397
720,2022.04.04.,"'이별통보 여자친구 살해' 조현진 1심 징역 23년형... 법조계 ""약한 처벌"" 지적",http://www.ltn.kr/news/articleView.html?idxno=34742
721,2022.04.04.,[1보] 이별 통보 전 여자친구 살해 조현진 1심 '징역 23년',http://yna.kr/AKR20220404063800063?did=1195m
724,2022.04.04.,이별 통보 전 여친 살해 조현진 1심 징역 23년·보호관찰 5년,http://www.munhwa.com/news/view.html?no=20220404MW140515735140
725,2022.04.24.,20개월 의붓딸 살해·성폭행 계부에 2심서도 `사형' 구형,http://www.cctimes.kr/news/articleView.html?idxno=701663
726,2022.04.13.,"20개월 의붓딸 살해·성폭행 계부 ""범행 이유 잘 모르겠다""",http://www.newsis.com/view/?id=NISX20220413_0001832127&cID=10807&pID=10800
727,2022.04.20.,"“다음 생에는…” 20대 발달장애 딸 살해한 母, 극단 선택 시도 전 남긴 유서엔",http://www.segye.com/content/html/2022/04/20/20220420515847.html?OutUrl=naver
728,2022.04.20.,"발달장애 자녀 살해 친모 ""함께 가려 했는데… 죗값 달게 받겠다""",http://www.kyeongin.com/main/view.php?key=20220420010003900
729,2022.04.08.,일감 안준다고 협력업체 직원 살해한 하청업체 대표…징역 28년 확정,http://news.mk.co.kr/newsRead.php?no=316950&year=2022
732,2022.04.05.,"재래시장서 지인 살해한 60대 1심 징역 18년…""엄벌 불가피""",http://yna.kr/AKR20220405134700004?did=1195m
733,2022.04.19.,함께 술 마시던 지인 폭행해 사망케한 40대 징역 5년,http://www.hg-times.com/news/articleView.html?idxno=240832
734,2022.04.22.,이석준에 개인정보 넘긴 흥신소업자 징역 1년,http://www.yonhapnewstv.co.kr/MYH20220422006300038/?input=1825m
735,2022.04.11.,자신 돌봐준 친할머니 살해한 10대 형제에게 항소심 중형구형,https://www.seoul.co.kr/news/newsView.php?id=20220411500186&wlog_tag3=naver
736,2022.04.14.,[퇴근길이슈] '유퀴즈' 게시판·서정희 유방암·MC몽·김태현 무기징역,http://www.joynews24.com/view/1470548
737,2022.04.08.,'일감 못 받아 보복 살인' 협력업체 대표 '징역 28년' 확정,http://www.newspim.com/news/view/20220407000873
738,2022.04.05.,"폐공장서 여성 살해·시신유기 40대, 검찰 무기징역 구형",http://www.newsis.com/view/?id=NISX20220405_0001821073&cID=10817&pID=14000
741,2022.04.14.,"대법원, 주거에 침입 피해자와 가족 살해 무기징역·전자발찌부착명령 30년 원심 확정",http://www.lawissue.co.kr/view.php?ud=2022041420273453429a8c8bf58f_12
742,2022.04.05.,"'재래시장 살인' 60대 징역 18년…""미리 흉기 구입, 우발적 범행 아냐""",http://news.tvchosun.com/site/data/html_dir/2022/04/05/2022040590083.html
743,2022.04.04.,[속보] 전 여친 어머니 앞에서 살해한 조현진…1심 징역 23년,https://www.joongang.co.kr/article/25060692
744,2022.04.04.,엄마는 사형 애걸했지만…이별 통보 전 여친 무참히 살해 '조현진' 징역 23년,https://www.dailian.co.kr/news/view/1099717/?sc=Naver
745,2022.04.14.,[종합] '노원 세 모녀 살인' 김태현 1·2·3심 모두 무기징역,http://www.getnews.co.kr/news/articleView.html?idxno=580417
746,2022.04.19.,국내 '최연소 사형수'의 잔혹 범죄…전 여친 가족 살해·성폭행·고문까지,http://news.mt.co.kr/mtview.php?no=2022041910545984437
747,2022.04.04.,[뉴스외전 이슈+] '이별 통보' 전 여친 살해 조현진 '징역 23년',https://imnews.imbc.com/replay/2022/nw1400/article/6356033_35722.html
748,2022.04.13.,"'20개월 의붓딸 강간·살해' 20대, 근친상간 음란물 3차례 검색",https://www.news1.kr/articles/?4647312
749,2022.04.21.,"신생아 음식물쓰레기통 유기 친모, 2심도 징역 12년 선고",https://www.ccdailynews.com/news/articleView.html?idxno=2125315
750,2022.04.04.,"조현진, '전 여자친구 흉기 살해' 1심서 징역 23년 선고",http://www.chungnamilbo.co.kr/news/articleView.html?idxno=654340
752,2022.04.04.,"이별 통보 前여친 살해 조현진, 1심 징역 23년",http://www.00news.co.kr/news/articleView.html?idxno=72228
753,2022.04.12.,보험금 타려고 남편 살해…가족도 실명시킨 설계사 [사건파일],https://www.seoul.co.kr/news/newsView.php?id=20220412500073&wlog_tag3=naver
754,2022.04.07.,"'의류수거함 아기 유기' 20대 친모 징역 3년...""좌변기에서 익사""",https://www.ytn.co.kr/_ln/0103_202204072020581410
755,2022.04.22.,"""염불 소리 시끄럽다"" 항의한 이웃 살해하고 변명으로 일관한 승려",https://lawtalknews.co.kr/article/LDUNVNJH9NAE
756,2022.04.22.,"검찰, 20개월 의붓딸 살해한 30대 2심서도 사형 구형",http://www.tjb.co.kr/sub0301/bodo/view/id/56031
757,2022.04.07.,'이별통보 여친 살해' 조현진 사건 검찰 항소,http://www.daejonilbo.com/news/newsitem.asp?pk_no=1513782
758,2022.04.07.,출산 후 숨진 아기 의류수거함에 버린 친모 '징역 3년',https://imnews.imbc.com/news/2022/society/article/6357182_35673.html
759,2022.04.05.,"""죄송하다. 이상이다"" 욕실 문 잠그고 前여친 살해한 조현진 징역 23년형",http://www.fnnews.com/news/202204050856430085
762,2022.04.13.,"20개월 의붓딸 성폭행 살해범, 범행 전 근친상간 검색",http://www.dtnews24.com/news/articleView.html?idxno=723111
763,2022.04.11.,"검찰, 친할머니 살해 10대 손자에 항소심서도 무기징역 구형",https://www.yeongnam.com/web/view.php?key=20220411010001341
764,2022.04.05.,"재래시장서 지인 잔혹하게 살해한 60대 1심 징역 18년 중형…""엄벌 불가피""",http://www.dt.co.kr/contents.html?article_no=2022040502109919613004&ref=naver
765,2022.04.06.,지인 모임 중 동거녀 흉기로 살해한 50대 2심도 징역 15년,http://yna.kr/AKR20220406078700062?did=1195m
766,2022.04.22.,"울산지법, 지나가던 피해자들이 비웃는다고 생각해 살인미수 징역 7년",http://www.lawissue.co.kr/view.php?ud=2022042209462718529a8c8bf58f_12
767,2022.04.04.,"이별 통보한 전 여자친구 살해…조현진, 1심서 ‘징역 23년’",https://news.kbs.co.kr/news/view.do?ncd=5431268&ref=A
769,2022.04.22.,"수원고법, 호감표시거부 이유 피해자 살인미수 징역 15년→ 징역 18년",http://www.lawissue.co.kr/view.php?ud=2022042209223118989a8c8bf58f_12
770,2022.04.07.,탯줄도 안 뗀 아기 의류수거함에 버린 친모 징역 3년,https://news.jtbc.joins.com/article/article.aspx?news_id=NB12054333
772,2022.04.04.,엄마 앞에서 前 여친 살해한 조현진 1심서 '징역23년' 선고,http://news.tvchosun.com/site/data/html_dir/2022/04/04/2022040490079.html
773,2022.04.14.,20개월 아기 성폭행·살해범…범행 이유 묻자 대답이,https://www.sedaily.com/NewsView/264OUZEPU1
774,2022.04.13.,"20개월 영아 성폭행·살해범 ""기억 안 난다"" 일관",http://www.joongdo.co.kr/web/view.php?key=20220413010003285
775,2022.04.24.,"[지난주 사건사고 주요이슈] 실외 마스크 착용 의무화 해제 '이목집중'…의붓딸 살해한 50대, 항소심도 ""징역 20년"" 外",https://www.youthdaily.co.kr/news/article.html?no=98456
776,2022.04.24.,"캘리포니아주, ‘영아살해 비범죄화’ 추진 논란",https://www.christiantoday.co.kr/news/347095
777,2022.04.08.,"""일감 안 준다""며 흉기로 살해한 하청업체 대표…대법원서 징역 28년 확정",https://www.sedaily.com/NewsView/264M349Y8M
778,2022.04.20.,의붓딸 살해 50대 항소심도 징역 20년,https://jtv.co.kr/2021/?c=3/45&uid=2159522
779,2022.04.05.,"재래시장서 지인 살해한 60대, 1심 징역 18년",http://www.fnnews.com/news/202204051001489371
782,2022.04.07.,"숨진 아기 의류수거함에 버린 친모, 징역 3년",https://www.nocutnews.co.kr/news/5736612
784,2022.04.08.,이슬람 모임서 와인병 던져 노인 죽게 한 호주 남성 징역 5년6개월,http://www.newsis.com/view/?id=NISX20220408_0001826529&cID=10101&pID=10100
785,2022.04.18.,12살부터 성폭행 의붓父 살해한 딸 “감옥이 더 편안해” (알쓸범잡2)[어제TV],https://www.newsen.com/news_view.php?uid=202204180537221710
786,2022.04.04.,"'이별 통보 여자친구 살해' 조현진, 1심서 징역 23년",http://www.inews24.com/view/1466971
787,2022.04.08.,“자녀살해 부모 가중처벌 방안 검토”…법무부 인수위에 보고,https://www.hani.co.kr/arti/society/society_general/1038113.html
788,2022.04.13.,"제주 중학생 살해 백광석·김시남, '사형' 구형",http://www.newsjeju.net/news/articleView.html?idxno=377591
789,2022.04.04.,“이별 통보에 계획적 범행”…조현진 징역 23년,https://news.kbs.co.kr/news/view.do?ncd=5431623&ref=A
792,2022.04.07.,탯줄도 안 뗀 갓난아기 의류수거함에 버린 엄마 '징역 3년',http://news.mk.co.kr/newsRead.php?no=314637&year=2022
794,2022.04.04.,"결별통보 여친 살해 조현진, 1심서 징역 23년",http://www.newspim.com/news/view/20220404000701
795,2022.04.09.,"""네가 뭔 상관인데"" 사소한 말다툼에 동거녀 살해 파국",http://yna.kr/AKR20220408109400062?did=1195m
796,2022.04.14.,"'노원구 세 모녀 살인' 김태현, 무기징역 확정⋯ ""사형 실효성 상실""",https://www.asiatime.co.kr/article/20220414500174
797,2022.04.05.,'재래시장서 10년 지기 살해' 60대 남성 1심서 중형,https://www.news1.kr/articles/?4638213
798,2022.04.04.,"‘전 여친 살해’ 조현진, 1심서 징역 23년·보호관찰 5년 선고",https://biz.chosun.com/topics/law_firm/2022/04/04/QPDIRTPE5VC2DPZMSD7VYHXMFI/?utm_source=naver&utm_medium=original&utm_campaign=biz
799,2022.04.04.,"어머니 앞서 딸 살해 조현진, 1심서 징역 23년",http://news.mk.co.kr/newsRead.php?no=300954&year=2022
803,2022.04.04.,"이별 통보 여친 살해' 조현진, 1심서 징역 23년",https://ilyo.co.kr/?ac=article_view&entry_id=425770
805,2022.04.06.,"연쇄살인 권재찬, 옛 절도 사건 징역 8개월 선고받아",http://yna.kr/AKR20220406103600065?did=1195m
806,2022.04.11.,"검찰, '친할머니 살해 형제' 항소심서 중형 구형",https://dgmbc.com/article/_KGRc0WIBlCgi_9dFr
807,2022.04.14.,"""세모녀 살해...잔인하고 극악해"" 김태현, 무기징역 확정",https://www.nbntv.co.kr/news/articleView.html?idxno=966307
809,2022.04.12.,임차인에게 퇴거 요구하다 살해하려 한 30대 항소심서 감형,https://www.news1.kr/articles/?4645749
812,2022.04.07.,출산한 아기 숨지게 한 뒤 의류수거함에 유기… 친모 징역 3년,https://biz.chosun.com/topics/law_firm/2022/04/07/XJVXRIZLZNEXZLBCCDE4KXRUQM/?utm_source=naver&utm_medium=original&utm_campaign=biz
813,2022.04.04.,이별 통보 여친 살해한 조현진 1심 징역 23년,http://www.cctimes.kr/news/articleView.html?idxno=699134
814,2022.04.04.,"법원, '전 연인 흉기 살해' 조현진 징역 23년 선고",https://news.bbsi.co.kr/news/articleView.html?idxno=3063896
815,2022.04.28.,"'정인이 살인' 양모 징역 35년 확정… 시민단체 ""절망""(종합)",http://www.newscj.com/news/articleView.html?idxno=975229
816,2022.04.12.,“동생은 죄 없다” “형에게 선처를”… 할머니 살해한 형제 최후진술은,https://www.chosun.com/national/national_general/2022/04/12/KWRZXULPAFBFNCPBQP67JOIPZU/?utm_source=naver&utm_medium=referral&utm_campaign=naver-news
817,2022.04.22.,처음 본 여성 2명에 흉기...60대 남성 '징역 7년',http://www.ksilbo.co.kr/news/articleView.html?idxno=933345
818,2022.04.06.,50대 여성 살해 유기…무기징역 구형,http://news.lghellovision.net/news/newsView.do?soCode=SCK0000000&idx=333087
819,2022.04.17.,‘계곡살인’ 이은해 형량은...무기징역 등 법정최고형 한목소리,http://www.kukinews.com/newsView/kuk202204170059
820,2022.04.28.,'정인이 살인' 양모 징역 35년 확정… 양부 징역 5년,http://www.newscj.com/news/articleView.html?idxno=975214
822,2022.04.08.,"'재하청 일감 안 준다' 살인 저지른 50대, 징역 28년 확정",https://hankookilbo.com/News/Read/A2022040808190001401?did=NA
823,2022.04.22.,"당진 자매 살인범, 무기징역 확정",http://www.idjnews.kr/news/articleView.html?idxno=134230
824,2022.04.04.,'이별 통보 전 여친 살해' 조현진 1심서 징역 23년,https://hankookilbo.com/News/Read/A2022040411200001298?did=NA
825,2022.04.12.,"가정폭력 남편 살해한 아내 ""좋아하는 열무김치 담가줬는데…"" [서초동 법썰]",https://view.asiae.co.kr/article/2022041210203227760
826,2022.04.05.,어머니 애원에도 살해‥조현진 1심 '징역 23년',https://imnews.imbc.com/replay/2022/nwtoday/article/6356269_35752.html
827,2022.04.12.,"'친할머니 살해' 10대 형제…""동생 죄 없다"" 선처했지만 중형 구형",http://mbn.mk.co.kr/pages/news/newsView.php?category=mbn00009&news_seq_no=4737701
828,2022.04.07.,‘의류수거함 영아 유기’ 20대 친모 징역 3년,https://www.pressian.com/pages/articles/2022040715595673240?utm_source=naver&utm_medium=search
829,2022.04.13.,"‘20개월 동거녀 딸 성폭행·살해’ 20대, 범행 전 근친상간 음란물 검색",http://news.tf.co.kr/read/national/1931229.htm
832,2022.04.04.,"이별 통보 전 여친 살해한 조현진, 1심서 징역 23년",https://www.khan.co.kr/national/court-law/article/202204041452001
833,2022.04.05.,‘이별 통보’ 여친 살해한 조현진에 징역 23년…눈앞서 딸 잃은 엄마 “법정 최고형 바랬는데”,http://www.segye.com/content/html/2022/04/05/20220405503584.html?OutUrl=naver
834,2022.04.14.,당진 자매 살인 30대 대법원서 '무기징역' 확정,http://news.lghellovision.net/news/newsView.do?soCode=SC91000000&idx=333773
835,2022.04.05.,"재래시장서 지인 살해한 60대, 1심서 징역 18년…""엄벌 불가피""",https://www.sedaily.com/NewsView/264KR2PBMX
836,2022.04.14.,"생후 20개월 여아 성폭행 후 살해한 30대, 범행 전 ‘근친상간’ 인터넷 검색도",http://www.segye.com/content/html/2022/04/13/20220413516122.html?OutUrl=naver
837,2022.04.13.,"20개월 여아 성폭행·학대살해범, 근친상간 음란물 검색했다",http://www.ccnnews.co.kr/news/articleView.html?idxno=253746
838,2022.04.06.,"말다툼 끝에 동거녀 살해한 50대, 항소심도 징역 15년",https://www.seoul.co.kr/news/newsView.php?id=20220406500163&wlog_tag3=naver
839,2022.04.14.,세 모녀 살해한 김태현에 대법도 무기징역,https://kizmom.hankyung.com/news/view.html?aid=202204146257o
841,2022.04.19.,"""동탄 고양이 살해범.. '동물판 N번방' 행동대장이었다""",https://hankookilbo.com/News/Read/A2022041811160004680?did=NA
842,2022.04.04.,"[속보] ‘이별통보 전 여친’ 살해 조현진, 1심 ‘징역 23년·보호관찰 5년’",https://www.seoul.co.kr/news/newsView.php?id=20220404500043&wlog_tag3=naver
843,2022.04.14.,"[속보] ‘노원 세모녀 살해’ 김태현, 무기징역 확정",https://www.etoday.co.kr/news/view/2123831
844,2022.04.13.,"20개월 영아 성폭행·살해범 ""범행 이유 모르겠다""",http://www.ggilbo.com/news/articleView.html?idxno=906856
845,2022.04.11.,키워준 할머니 살해 10대에항소심서도 무기징역 구형,http://www.kbmaeil.com/news/articleView.html?idxno=926336
846,2022.04.08.,보험금 노리고 가족 등 잇따라 살해한 그들…결국 ‘사치’로 탕진 [뉴스+],http://www.segye.com/content/html/2022/04/07/20220407512600.html?OutUrl=naver
847,2022.04.04.,이별한 전 여자친구 살해범 1심서 징역 23년 선고,https://news.kbs.co.kr/news/view.do?ncd=5431338&ref=A
848,2022.04.08.,일감 끊기자 1차하청 직원 살해한 2차하청 대표 징역28년,http://news.heraldcorp.com/view.php?ud=20220408000076
849,2022.04.01.,가난에 뇌출혈 부친 방치한 '간병살인' 징역 4년 확정,http://news.tf.co.kr/read/life/1928385.htm
851,2022.04.05.,"""찌질아"" 말에 흉기 들었다…의붓딸 살해한 택시기사 전말 [사건추적]",https://www.joongang.co.kr/article/25060934
852,2022.04.08.,"'10년지기 살해' 60대 남성, 1심 판결 불복 항소",https://www.news1.kr/articles/?4642207
853,2022.04.07.,출산 후 숨진 아기 의류함에 버린 20대 친모 징역 3년,https://www.kgnews.co.kr/news/article.html?no=696114
854,2022.04.12.,서산서 지인폭행 살해 2명 항소심 사망원인 확인 위해 속행,https://www.news1.kr/articles/?4645965
855,2022.04.12.,길고양이 학대·살해 '동물판 n번방' 또 발견…경찰 수사착수,https://www.news1.kr/articles/?4645652
856,2022.04.13.,"'20개월 영아 성폭행·살해' 30대, 범행 이유 모르쇠",http://www.tjb.co.kr/sub0301/bodo/view/id/55856
857,2022.04.11.,"친할머니 무참히 살해한 10대 ""동생은 죄가 없다""…생모 ""아이들 책임지겠다""",http://www.kyongbuk.co.kr/news/articleView.html?idxno=2098970
858,2022.04.11.,"엄마·누나 방화 살해한 17살 아들, 경찰에 한 부탁…""치킨 사줘요""",http://news.mt.co.kr/mtview.php?no=2022041108084014543
859,2022.04.04.,"'이별 통보' 여친 살해,조현진 1심서 징역 23년",http://www.ekoreanews.co.kr/news/articleView.html?idxno=56341
860,2022.04.07.,'남편 몰래 혼외자 출산' 숨진 아기 의류수거함에 버린 20대…징역 3년,http://www.inews24.com/view/1468387
861,2022.04.01.,뇌출혈 아버지 ‘간병 살인’ 논란 20대…대법원서 징역 4년 확정,http://www.segye.com/content/html/2022/03/31/20220331511507.html?OutUrl=naver
862,2022.04.12.,"전 여친 직장 찾아 신나 뿌린 50대 男…檢, 징역 5년 구형",https://www.sedaily.com/NewsView/264NYDLX8T
863,2022.04.08.,"[판결] ""왜 일감 끊어""… 발주업체 직원 살해한 하청업체 대표",https://www.lawtimes.co.kr/Legal-News/Legal-News-View?serial=177729
864,2022.04.06.,"'50대 남녀 살해' 권재찬, 과거 절도로 징역 8개월 선고",https://www.news1.kr/articles/?4639741
865,2022.04.04.,'전 여자친구 흉기 살해' 조현진 1심서 징역 23년 선고,https://www.ytn.co.kr/_ln/0115_202204041103486423
866,2022.04.04.,"이별 통보 여친 살해한 조현진, 1심서 징역 23년",http://www.kdfnews.com/news/articleView.html?idxno=89650
868,2022.04.03.,"[사건의 재구성]""찌질아"" 한마디에 의붓딸 살해…50대 택시기사의 비극",https://www.news1.kr/articles/?4635714
869,2022.04.04.,"이별 통보 전 여친 살해한 조현진, 1심 징역 23년",http://www.ggilbo.com/news/articleView.html?idxno=904920
872,2022.04.09.,'삐뚤어진 사랑'에 동거녀 살해남 항소심도 징역 15년,http://www.kado.net/news/articleView.html?idxno=1121118
874,2022.04.11.,잔소리했다고…10년간 키워준 친할머니 살해한 10대 형제 중형 구형,http://news.heraldcorp.com/view.php?ud=20220411000761
875,2022.04.08.,법무부 “자녀살해 부모 가중처벌 필요”… 인수위에 보고,http://www.munhwa.com/news/view.html?no=2022040801070821326001
876,2022.04.05.,"‘시장 인근 골목서 지인 살해’ 60대, 1심서 징역 18년형",https://news.kbs.co.kr/news/view.do?ncd=5432412&ref=A
877,2022.04.03.,니코틴 주입하고…바다에 밀어넣고…가족 살해한 '또다른 이은해'들,http://news.mt.co.kr/mtview.php?no=2022040311563684443
878,2022.04.07.,"아프리카의 '체 게바라' 살해 부르키나파소 독재자, 35년만에 종신형",https://www.news1.kr/articles/?4640821
879,2022.04.08.,1차 하청업체 직원 살해한 2차 하청업체 대표...징역 28년 확정,https://www.ajunews.com/view/20220408065758165
881,2022.04.04.,"이별 통보한 여자친구 살해한 조현진, 1심 징역 23년",https://www.etoday.co.kr/news/view/2120500
882,2022.04.07.,"출산한 아기 숨지게 한 뒤 의료수거함에 버린 20대 친모, 징역형",http://www.joongboo.com/news/articleView.html?idxno=363534774
883,2022.04.05.,"이별 통보 여자친구 살해 조현진, 징역 23년 선고…""엄벌이 요구 된다""",http://www.newsinside.kr/news/articleView.html?idxno=1131029
884,2022.04.14.,[금일 사건사고 주요기사] ‘노원 세 모녀 살인’ 김태현 무기징역 확정...'故이예람 중사 특검법' 법사위 통과 外,https://www.youthdaily.co.kr/news/article.html?no=97742
885,2022.04.05.,"'강북 재래시장 살인"" 60대, 1심서 징역 18년",http://www.newspim.com/news/view/20220405000455
886,2022.04.07.,"엘살바도르, 폭력조직 메시지 보도 언론에 10∼15년 징역형",http://www.newsis.com/view/?id=NISX20220407_0001823781&cID=10101&pID=10100
887,2022.04.14.,"마라도나 살해당했다...검찰, 의료진 과실치사 혐의로 살인죄 기소",http://www.mydaily.co.kr/new_yk/html/read.php?newsid=202204141700563002&ext=na&utm_campaign=naver_news&utm_source=naver&utm_medium=related_news
888,2022.04.04.,[속보] '이별 통보' 전 여자친구 살해 조현진 1심서 징역 23년,http://www.shinailbo.co.kr/news/articleView.html?idxno=1534997
889,2022.04.17.,"""나 바람 피웠어"" 취중고백 아내 살해 남편 12년형",http://www.newsinside.kr/news/articleView.html?idxno=1131897
892,2022.04.04.,"'전 여자친구 살해 혐의' 조현진, 1심서 징역 23년 선고",http://www.ziksir.com/news/articleView.html?idxno=22785
893,2022.04.04.,"여자친구 흉기 살해 조현진, 1심서 징역 23년 선고",http://www.jbnews.com/news/articleView.html?idxno=1358181
896,2022.04.07.,아기 출산 후 방치해 사망·유기한 20대 친모 징역 3년,http://www.hg-times.com/news/articleView.html?idxno=240436
897,2022.04.04.,“조현진에 사형을”…눈 앞서 딸 잃은 엄마 애원했지만 징역 23년,https://www.seoul.co.kr/news/newsView.php?id=20220404500049&wlog_tag3=naver
898,2022.04.01.,"‘간병살인’ 청년, 끝내 징역 4년형 [뉴스큐레이터]",https://h21.hani.co.kr/arti/society/society_general/51794.html
899,2022.04.12.,전 여친 직장 찾아 신나 뿌린 50대…檢 징역 5년 구형,http://www.newspim.com/news/view/20220412000631
900,2022.04.06.,"'연쇄살인' 권재찬, 옛 절도사건으로 징역 8개월",http://www.womennews.co.kr/news/articleView.html?idxno=221917
901,2022.04.04.,"'전 여자친구 살해' 조현진, 1심서 징역 23년",http://www.tjb.co.kr/news05/bodo/view/id/55681
902,2022.04.13.,"20개월 의붓딸 강간·살해 男, '근친상간 음란물' 검색 기록 덜미",http://www.chungnamilbo.co.kr/news/articleView.html?idxno=656004
903,2022.04.06.,“날 협박해” 지인 흉기로 찌른 뒤 살아있자 재차 범행…살인범 60대 남성 ‘징역 18년’,http://www.segye.com/content/html/2022/04/05/20220405516416.html?OutUrl=naver
904,2022.04.03.,'사탄 죽어라' 환청.. 엘베서 칼부림 30대男 '징역형',http://www.edaily.co.kr/news/newspath.asp?newsid=02312406632292512
905,2022.04.07.,"우크라이나, 무기 지원 확대 촉구...터키, '카쇼기 살해' 재판 사우디 이관 ",https://www.voakorea.com/a/6519153.html
906,2022.04.08.,두 아들 살해 母 “빚 때문에”…‘자녀 살해’ 가중처벌 목소리도,https://www.seoul.co.kr/news/newsView.php?id=20220408500065&wlog_tag3=naver
907,2022.04.15.,"뺨 때린 거 사과 안 한다고 흉기 던져 애인 살해한 공무원, ""맞을 줄 몰랐다""고 했지만…",https://lawtalknews.co.kr/article/RZHXSWZU4X2O
908,2022.04.04.,전 여자친구 흉기로 살해한 조현진 오늘 1심 선고,https://www.ytn.co.kr/_ln/0115_202204040002590962
909,2022.04.02.,"102㎏ 아들 살해 자백한 70대 老母, 2심도 무죄… 그럼 범인은?",https://www.chosun.com/national/court_law/2022/04/02/LGXQXBXLYFHQZEQ4757EZDALTI/?utm_source=naver&utm_medium=referral&utm_campaign=naver-news
911,2022.04.10.,"가중처벌 없는 '자녀 살해'…법무부 ""법 개정 필요하다""",https://www.kyeonggi.com/article/20220410580123
912,2022.04.07.,화장실서 출산 후 의류수거함에 유아 유기한 친모 '징역형',https://www.asiatime.co.kr/article/20220407500228
913,2022.04.08.,'보복 살인' 협력업체 대표 징역 28년 확정,http://www.naeil.com/news_view/?id_art=419563
914,2022.04.06.,"강릉서 동거여성 살해한 50대, 2심도 징역 15년 선고",http://www.kado.net/news/articleView.html?idxno=1120846
915,2022.04.11.,"결혼하려 영아 납치 청부, 애 엄마 살해 3가족 풍비박산 (알쓸범잡2)",https://www.newsen.com/news_view.php?uid=202204110549171710
916,2022.04.07.,"검찰, 여자친구 살해 조현진 사건 항소",http://www.ggilbo.com/news/articleView.html?idxno=905723
917,2022.04.12.,"친할머니 살해한 10대 형제 친어머니 증인 출석…""아이들 깊이 후회 선처 부탁""",https://www.pressian.com/pages/articles/2022041207582383539?utm_source=naver&utm_medium=search
918,2022.04.14.,'중학생 살해' 백광석·김시남 항소심서도 사형 구,https://jejumbc.com/article/wHaFcR8juC-owIp
919,2022.04.08.,"10년지기 지인 살해한 60대 남성, 1심 불복 항소",http://www.newspim.com/news/view/20220408000913
920,2022.04.07.,"'의류수거함 영아 유기' 20대 친모 징역 3년...""좌변기에서 익사하게 방치""",https://www.ytn.co.kr/_ln/0103_202204071456328791
921,2022.04.04.,"前여자친구 살해한 조현진, 檢무기징역 구형에도 징역 23년 선고된 이유",https://www.asiatime.co.kr/article/20220404500262
922,2022.04.05.,'아는 누님' 유인 뒤 살해·유기…완전범죄 노린 40대 무기징역 구형,https://www.news1.kr/articles/?4638496
923,2022.04.04.,`이별 통보` 전 여친 살해한 조현진...1심 징역 23년에 보호관찰 5년,http://www.dt.co.kr/contents.html?article_no=2022040402109919608002&ref=naver
924,2022.04.11.,건물주 살해 전 교제여성 극단적 스토킹,https://mbcnewsgangwon.co.kr/article/cN1lEhsw1kMMYG1
925,2022.04.08.,동거녀 흉기살해 항소심도 중형,http://www.kwnews.co.kr/nview.asp?aid=222040700049
926,2022.04.14.,"생후 20개월 의붓딸 성폭행한 뒤 살해한 남성, 범행 전 '근친상간' 검색했다",https://lawtalknews.co.kr/article/9SS9GTEVBV3G
927,2022.04.30.,“누나→아가씨로”… 번역기 오류가 살인참극으로,https://news.kmib.co.kr/article/view.asp?arcid=0017030564&code=61121111&cp=nv
928,2022.04.17.,[지난주 사건사고 주요이슈] ‘노원 세 모녀 살인’ 김태현에 무기징역...사회적 거리두기 오는 18일 '종료' 外,https://www.youthdaily.co.kr/news/article.html?no=97807
929,2022.04.05.,[서울겸/리포트]전 연인 살해 조현진 1심 23년,https://tjmbc.co.kr/article/w6kW7RxbbXc0z1
930,2022.04.08.,"남편 몰래 의류 수거함에 갓난아이 버린 20대 여성, '징역 3년' 선고받았다",https://www.wikitree.co.kr/articles/745796
931,2022.04.11.,"""선처 부탁""...키워준 할머니 수십 차례 찔러 살해한 형제, 2심 무기징역",https://www.nbntv.co.kr/news/articleView.html?idxno=965647
932,2022.04.28.,사망 보험금 노렸다…잇단 ‘살인 공모’ 시도한 20대들,https://news.kmib.co.kr/article/view.asp?arcid=0017020802&code=61121311&cp=nv
933,2022.04.07.,시청자 때려 살해하고 시신까지 유기한 BJ와 또 다른 시청자 고교생들,https://lawtalknews.co.kr/article/KTSH6N36COH8
934,2022.04.07.,우크라 국기에 입맞춤 / 유시민 징역 1년 구형 / 데이트폭력 처벌 세진다 / 10대 때 구속 전력 / 29억 있다면 1% 부자,http://www.mbn.co.kr/pages/news/newsView.php?news_seq_no=4734974
935,2022.04.30.,“누나를 아가씨로…” 앱 번역기 오류가 부른 살인 참극,https://www.seoul.co.kr/news/newsView.php?id=20220430500046&wlog_tag3=naver
936,2022.04.29.,"러, 동부 루한스크 지역 점령…우크라 결사항전 131일차 [타임라인]",https://www.joongang.co.kr/article/25067467
937,2022.04.29.,개정된 동물보호법으로 동물 학대가 사라질까?,http://www.jejusori.net/news/articleView.html?idxno=402583
938,2022.04.28.,‘페미사이드’로 들끓는 멕시코 “처벌 강화”,https://www.khan.co.kr/world/america/article/202204282245005
940,2022.04.30.,"""누나를 아가씨로""…앱 번역 오류가 부른 살인 참극",http://www.wowtv.co.kr/NewsCenter/News/Read?articleId=A202204300023&t=NN
942,2022.04.04.,"2022년 첫 신상공개 범죄자인 ""죄송합니다, 이상입니다"" 조현진…1심 징역 23년",https://lawtalknews.co.kr/article/TR5VEW04AUFX
943,2022.04.25.,“검사님은 달랐습니다” 노원 세모녀 살인 유족의 자필편지엔,http://www.edaily.co.kr/news/newspath.asp?newsid=01492406632299728
944,2022.04.01.,"법원, 뇌출혈 아버지 간병 살인 20대 아들에…징역 4년 확정",http://www.newsinside.kr/news/articleView.html?idxno=1130804
945,2022.04.26.,층간 소음 불만으로 위층 이웃 2명 살해한 30대에 사형 구형 外 [오늘의 주요뉴스],http://www.sisunnews.co.kr/news/articleView.html?idxno=162429
946,2022.04.07.,[서석하의 안전마당] 돼지 껍데기로 살해 연습 ?,http://www.safetimes.co.kr/news/articleView.html?idxno=109567
947,2022.04.04.,"이별 통보한 여자친구 살해한 조현진, 내일 선고 공판",https://tjmbc.co.kr/article/QJv3ZwmOC6_Q1X
948,2022.04.28.,대법원이 정인이 양부모 원심 판결 그대로 확정한 이유,https://news.sbs.co.kr/news/endPage.do?news_id=N1006731244&plink=ORI&cooper=NAVER
949,2022.04.25.,낙태약 구매 여성이 아기 낳자 “변기에 넣어라”고 한 업자…감형,https://www.seoul.co.kr/news/newsView.php?id=20220425500160&wlog_tag3=naver
950,2022.04.25.,"""유족처럼 아파하신 검사님, 감사합니다""..'세모녀 사건' 유족의 손편지",http://www.fnnews.com/news/202204250713415458
952,2022.04.29.,'정인이 사망 사건’ 대법원 선고 날 모인 엄마들…오열·분노 쏟아져 [뉴스+],http://www.segye.com/content/html/2022/04/29/20220429506770.html?OutUrl=naver
953,2022.04.22.,"북부지검장 ""검수완박땐 제2의 김태현 사건 처리 못할 것""",http://www.segye.com/content/html/2022/04/22/20220422511302.html?OutUrl=naver
954,2022.04.29.,'취재진 폭행' 탈북민단체 대표 박상학 2심서 형량 가중,https://www.yna.co.kr/view/AKR20220429074300004?input=1195m
955,2022.04.30.,누나를 노래방 아가씨로…앱 번역기 오류가 불러온 살인 참극,https://www.yna.co.kr/view/AKR20220430037000055?input=1195m
956,2022.04.28.,[이시각헤드라인] 4월 28일 뉴스센터12,http://www.yonhapnewstv.co.kr/MYH20220428007800038/?input=1825m
957,2022.04.08.,일면식도 없는 여성 살해하려 한 50대 남자 징역형 선고,https://mbcnewsgangwon.co.kr/article/4w1kzVPO1NknhSsd
958,2022.04.28.,[YTN 실시간뉴스] '야외 마스크 착용 다음 달부터 해제' 가닥,https://www.ytn.co.kr/_ln/0103_202204281750114284
959,2022.04.26.,‘고무줄 형량’ 줄었지만… ‘국민 법감정과 괴리’ 해소는 숙제 [심층기획 - 출범 15주년 맞은 대법 양형위],http://www.segye.com/content/html/2022/04/25/20220425516011.html?OutUrl=naver
961,2022.04.29.,"정인이 양모 35년 징역 확정, ""형 너무 가볍다"" 항의",http://www.ccdn.co.kr/news/articleView.html?idxno=757342
963,2022.04.28.,'편히 쉬길',https://www.news1.kr/photos/view/?5343209
964,2022.04.27.,"檢 “검찰 소속 검사만 수사 금지, 기형적 사법제도 낳을 것” 강력 비판",https://biz.chosun.com/topics/law_firm/2022/04/27/4UUP4JKFPBGD7DYTSYKRTSW4YE/?utm_source=naver&utm_medium=original&utm_campaign=biz
965,2022.04.28.,'정인이 사건' 오늘 대법 선고…양모 감형된 35년형 유지될까,http://news.mk.co.kr/newsRead.php?no=376584&year=2022
966,2022.04.28.,‘정인이 사건’ 항소심서 감형된 양모…대법 선고 결과는,https://news.kmib.co.kr/article/view.asp?arcid=0017021702&code=61121311&cp=nv
967,2022.04.29.,SNS에 인싸女 시체 사진 올린 광적 집착남 왜?,http://www.newsis.com/view/?id=NISX20220429_0001853001&cID=10601&pID=10600
968,2022.04.29.,"‘방송 취재진 폭행’ 탈북민단체 대표 박상학, 2심서 형량 가중",http://sports.khan.co.kr/news/sk_index.html?art_id=202204291819003&sec_id=540201&pt=nv
969,2022.04.28.,'정인이 사건' 재판부에 항의하는 정찾사,http://www.newsis.com/view/?id=NISI20220428_0018744714
970,2022.04.28.,정인아 잊지 않을게,https://www.news1.kr/photos/view/?5343197
975,2022.04.26.,"임신중절약 불법판매하고 ""아기 변기에 넣어라"" 조언까지",https://www.sedaily.com/NewsView/264UDLBVM9
976,2022.04.28.,"정인이 양모, 감형 확정에 시민단체 오열…""법이 학대 경종 못 울려""",http://www.newsis.com/view/?id=NISX20220428_0001851762&cID=10201&pID=10200
977,2022.04.28.,"대법원, '정인이 사건' 양모 35년형 확정…양부 5년형",https://news.sbs.co.kr/news/endPage.do?news_id=N1006731878&plink=ORI&cooper=NAVER
978,2022.04.30.,직장 동료 짝사랑해 남편 죽인 중국인 남성…발단은 '앱번역기'?,http://mbn.mk.co.kr/pages/news/newsView.php?category=mbn00009&news_seq_no=4751812
979,2022.04.28.,'정인이 사건' 오늘 대법 선고…양모 2심서 35년으로 감형,https://www.news1.kr/articles/?4662719
980,2022.04.28.,'이 어린아이가 어쩌다',https://www.news1.kr/photos/view/?5343206
989,2022.04.28.,"[취재파일] '동거녀 살인사건' 검사 ""눈앞에 증거 있는데…범죄 증발""",https://news.sbs.co.kr/news/endPage.do?news_id=N1006731495&plink=ORI&cooper=NAVER
992,2022.04.28.,대법원 정인이 사건 상고 기각에 분노,https://www.news1.kr/photos/view/?5343198
995,2022.04.29.,"'취재진 폭행' 박상학 자유북한운동 대표, 2심도 집유",https://hankookilbo.com/News/Read/A2022042913450002909?did=NA
998,2022.04.03.,"""죽은 사람은 있는데 죽인 자를 모른다""...아들 살해 자백한 노모 무죄 선고",https://wemakenews.co.kr/news/view.php?no=14613
999,2022.04.28.,'정인이 사건' 판결 입장 밝히는 대한아동학대방지협회,http://www.newsis.com/view/?id=NISI20220428_0018744657
